netfn,cmd,selector,selector_status,handler,module,table,category,table_address,entry_address,privilege_raw,privilege,request_length_raw,request_length_semantics,interface_raw,interface_semantics,netfn_evidence,entry_evidence,module_sha256,confidence,activation_status,request_semantics,response_semantics,semantic_source,semantic_confidence,safety_tier
0x30,0x01,,no selector in first-level dispatch; handler payload selectors unknown unless separately documented,ControlMEUpdate,libipmipdkcmds.so.6.0.0,g_Oem_NetFn30_CmdHndlr,platform,0x000130b0,0x000130b0,0x04,Administrator,0x02,exactly 2 request payload bytes,0xffff,default/unrestricted branch,libipmipdkcmds static registration array: 0x30,/Volumes/xxx/src/me/git/zbmc/work/advantech-asmb787/unpacked/fw-filesystems/rootfs/usr/local/lib/libipmipdkcmds.so.6.0.0 .dynsym/g_Oem_NetFn30_CmdHndlr + relocation at 0x000130b4,c6c84c3e72f5dcb72cf2c9f4caa91c04ded88f28f5a64aeeea95f44d0e4591b0,high for registration/identity/layout; payload schema not implied,statically registered in owning dispatcher table,0x30; action=0; 0x30; action=1; 0x30; action=2,cc;gpio_state,exact ASMB-787 handler decompilation,target-proven,mutates
0x30,0x02,,no selector in first-level dispatch; handler payload selectors unknown unless separately documented,LockInputs,libipmipdkcmds.so.6.0.0,g_Oem_NetFn30_CmdHndlr,platform,0x000130b0,0x000130c0,0x04,Administrator,0x01,exactly 1 request payload bytes,0xffff,default/unrestricted branch,libipmipdkcmds static registration array: 0x30,/Volumes/xxx/src/me/git/zbmc/work/advantech-asmb787/unpacked/fw-filesystems/rootfs/usr/local/lib/libipmipdkcmds.so.6.0.0 .dynsym/g_Oem_NetFn30_CmdHndlr + relocation at 0x000130c4,c6c84c3e72f5dcb72cf2c9f4caa91c04ded88f28f5a64aeeea95f44d0e4591b0,high for registration/identity/layout; payload schema not implied,statically registered in owning dispatcher table,action=f0; action=f1; action=f2,cc;locked_bool; cc;locked_bool=(get==0),exact ASMB-787 handler decompilation,target-proven,mutates
0x30,0x03,,no selector in first-level dispatch; handler payload selectors unknown unless separately documented,ControlSysErrLED,libipmipdkcmds.so.6.0.0,g_Oem_NetFn30_CmdHndlr,platform,0x000130b0,0x000130d0,0x02,User,0x01,exactly 1 request payload bytes,0xffff,default/unrestricted branch,libipmipdkcmds static registration array: 0x30,/Volumes/xxx/src/me/git/zbmc/work/advantech-asmb787/unpacked/fw-filesystems/rootfs/usr/local/lib/libipmipdkcmds.so.6.0.0 .dynsym/g_Oem_NetFn30_CmdHndlr + relocation at 0x000130d4,c6c84c3e72f5dcb72cf2c9f4caa91c04ded88f28f5a64aeeea95f44d0e4591b0,high for registration/identity/layout; payload schema not implied,statically registered in owning dispatcher table,action=0; action=1; action=2,cc;gpio_state,exact ASMB-787 handler decompilation,target-proven,mutates
0x30,0x04,,no selector in first-level dispatch; handler payload selectors unknown unless separately documented,GetPlatformID,libipmipdkcmds.so.6.0.0,g_Oem_NetFn30_CmdHndlr,platform,0x000130b0,0x000130e0,0x04,Administrator,0x00,exactly 0 request payload bytes,0xffff,default/unrestricted branch,libipmipdkcmds static registration array: 0x30,/Volumes/xxx/src/me/git/zbmc/work/advantech-asmb787/unpacked/fw-filesystems/rootfs/usr/local/lib/libipmipdkcmds.so.6.0.0 .dynsym/g_Oem_NetFn30_CmdHndlr + relocation at 0x000130e4,c6c84c3e72f5dcb72cf2c9f4caa91c04ded88f28f5a64aeeea95f44d0e4591b0,high for registration/identity/layout; payload schema not implied,statically registered in owning dispatcher table,empty,cc;platform_id,exact ASMB-787 handler decompilation,target-proven,safe
0x30,0x05,,no selector in first-level dispatch; handler payload selectors unknown unless separately documented,AMIPingFeature,libipmipdkcmds.so.6.0.0,g_Oem_NetFn30_CmdHndlr,platform,0x000130b0,0x000130f0,0x02,User,0x01,exactly 1 request payload bytes,0xffff,default/unrestricted branch,libipmipdkcmds static registration array: 0x30,/Volumes/xxx/src/me/git/zbmc/work/advantech-asmb787/unpacked/fw-filesystems/rootfs/usr/local/lib/libipmipdkcmds.so.6.0.0 .dynsym/g_Oem_NetFn30_CmdHndlr + relocation at 0x000130f4,c6c84c3e72f5dcb72cf2c9f4caa91c04ded88f28f5a64aeeea95f44d0e4591b0,high for registration/identity/layout; payload schema not implied,statically registered in owning dispatcher table,action=a0; action=a1; action=a2,cc;status=0; cc;status=1; cc;enabled_bool,exact ASMB-787 handler decompilation,target-proven,mutates
0x32,0x01,,no selector in first-level dispatch; handler payload selectors unknown unless separately documented,AMIYAFUGetFlashInfo,libipmimsghndlr.so.13.22.0,g_AMI_CmdHndlr,core,0x0009db24,0x0009db54,0x04,Administrator,0x0c,exactly 12 request payload bytes,0x0008,interface selector 0x0008 (default-supported branch),static PDK registration array + g_AMI_CmdHndlr,/Volumes/xxx/src/me/git/zbmc/work/advantech-asmb787/unpacked/fw-filesystems/rootfs/usr/local/lib/libipmimsghndlr.so.13.22.0 .dynsym/g_AMI_CmdHndlr + relocation at 0x0009db58,23e5b17be7125d100db9effea1772a57ee8ecd45da0569a5a331b8eb8d627539,high for registration/identity/layout; payload schema not implied,statically registered in owning dispatcher table,"YafuHeader(seq:u32le,yafu_cmd:u16le,data_len:u16le,crc32:u32le)","cc;YafuHeader(seq:u32le,yafu_cmd:u16le,data_len:u16le,crc32:u32le);flash_size:u32le;flash_addr:u32le;erase_block:u32le;product_id:u16le;width:u8;fmh_compliance:u8;reserved:u16le;erase_blocks:u16le",exact ASMB-787 handler decompilation,target-proven,safe
0x32,0x02,,no selector in first-level dispatch; handler payload selectors unknown unless separately documented,AMIYAFUGetFirmwareInfo,libipmimsghndlr.so.13.22.0,g_AMI_CmdHndlr,core,0x0009db24,0x0009db64,0x04,Administrator,0x0c,exactly 12 request payload bytes,0x0008,interface selector 0x0008 (default-supported branch),static PDK registration array + g_AMI_CmdHndlr,/Volumes/xxx/src/me/git/zbmc/work/advantech-asmb787/unpacked/fw-filesystems/rootfs/usr/local/lib/libipmimsghndlr.so.13.22.0 .dynsym/g_AMI_CmdHndlr + relocation at 0x0009db68,23e5b17be7125d100db9effea1772a57ee8ecd45da0569a5a331b8eb8d627539,high for registration/identity/layout; payload schema not implied,statically registered in owning dispatcher table,"YafuHeader(seq:u32le,yafu_cmd:u16le,data_len:u16le,crc32:u32le)","cc;YafuHeader(seq:u32le,yafu_cmd:u16le,data_len:u16le,crc32:u32le);major:u8;minor:u8;aux:u16le;build:u32le;reserved:u32le;name:bytes[8];size:u32le;product_id:u32le",exact ASMB-787 handler decompilation,target-proven,safe
0x32,0x03,,no selector in first-level dispatch; handler payload selectors unknown unless separately documented,AMIYAFUGetFMHInfo,libipmimsghndlr.so.13.22.0,g_AMI_CmdHndlr,core,0x0009db24,0x0009db74,0x04,Administrator,0x0c,exactly 12 request payload bytes,0x0008,interface selector 0x0008 (default-supported branch),static PDK registration array + g_AMI_CmdHndlr,/Volumes/xxx/src/me/git/zbmc/work/advantech-asmb787/unpacked/fw-filesystems/rootfs/usr/local/lib/libipmimsghndlr.so.13.22.0 .dynsym/g_AMI_CmdHndlr + relocation at 0x0009db78,23e5b17be7125d100db9effea1772a57ee8ecd45da0569a5a331b8eb8d627539,high for registration/identity/layout; payload schema not implied,statically registered in owning dispatcher table,"YafuHeader(seq:u32le,yafu_cmd:u16le,data_len:u16le,crc32:u32le)","cc;YafuHeader(seq:u32le,yafu_cmd:u16le,data_len:u16le,crc32:u32le);reserved:u16le;fmh_count:u16le;FlashMH[fmh_count]",exact ASMB-787 handler decompilation,target-proven,safe
0x32,0x04,,no selector in first-level dispatch; handler payload selectors unknown unless separately documented,AMIYAFUGetStatus,libipmimsghndlr.so.13.22.0,g_AMI_CmdHndlr,core,0x0009db24,0x0009db84,0x04,Administrator,0x0c,exactly 12 request payload bytes,0x0008,interface selector 0x0008 (default-supported branch),static PDK registration array + g_AMI_CmdHndlr,/Volumes/xxx/src/me/git/zbmc/work/advantech-asmb787/unpacked/fw-filesystems/rootfs/usr/local/lib/libipmimsghndlr.so.13.22.0 .dynsym/g_AMI_CmdHndlr + relocation at 0x0009db88,23e5b17be7125d100db9effea1772a57ee8ecd45da0569a5a331b8eb8d627539,high for registration/identity/layout; payload schema not implied,statically registered in owning dispatcher table,"YafuHeader(seq:u32le,yafu_cmd:u16le,data_len:u16le,crc32:u32le)","cc;YafuHeader(seq:u32le,yafu_cmd:u16le,data_len:u16le,crc32:u32le);last_status:u16le;state:u16le;mode:u16le;reserved:u16le;message:bytes[65]",exact ASMB-787 handler decompilation,target-proven,safe
0x32,0x10,,no selector in first-level dispatch; handler payload selectors unknown unless separately documented,AMIYAFUActivateFlashMode,libipmimsghndlr.so.13.22.0,g_AMI_CmdHndlr,core,0x0009db24,0x0009db94,0x04,Administrator,0xff,variable/unconstrained by dispatcher,0x0008,interface selector 0x0008 (default-supported branch),static PDK registration array + g_AMI_CmdHndlr,/Volumes/xxx/src/me/git/zbmc/work/advantech-asmb787/unpacked/fw-filesystems/rootfs/usr/local/lib/libipmimsghndlr.so.13.22.0 .dynsym/g_AMI_CmdHndlr + relocation at 0x0009db98,23e5b17be7125d100db9effea1772a57ee8ecd45da0569a5a331b8eb8d627539,high for registration/identity/layout; payload schema not implied,statically registered in owning dispatcher table,"YafuHeader(seq:u32le,yafu_cmd:u16le,data_len:u16le,crc32:u32le);mode:u16le","cc;YafuHeader(seq:u32le,yafu_cmd:u16le,data_len:u16le,crc32:u32le);delay:u8",exact ASMB-787 handler decompilation,target-proven,destructive
0x32,0x11,,no selector in first-level dispatch; handler payload selectors unknown unless separately documented,AMIGetSSHConf,libipmiamioemsshconf.so.13.0.0,g_SSHConf_CmdHndlr,plugin,0x000010b0,0x000010b0,0x02,User,0xff,variable/unconstrained by dispatcher,0xffff,default/unrestricted branch,"GetLibMetaInfo record type 0x05, NetFn 0x32",/Volumes/xxx/src/me/git/zbmc/work/advantech-asmb787/unpacked/fw-filesystems/rootfs/usr/local/lib/libipmiamioemsshconf.so.13.0.0 .dynsym/g_SSHConf_CmdHndlr + relocation at 0x000010b4,39237c9123274fb25d1f7ced15722fb674cf65e328fd1f15bb392d3183299ff2,high for registration/identity/layout; payload schema not implied,"runtime registered: exact feature token present; loader enable, dependencies, exported table, and table merge proved",selector=0; selector=1,cc;enabled_bool,exact ASMB-787 handler decompilation,target-proven,safe
0x32,0x12,,no selector in first-level dispatch; handler payload selectors unknown unless separately documented,AMISetSSHConf,libipmiamioemsshconf.so.13.0.0,g_SSHConf_CmdHndlr,plugin,0x000010b0,0x000010c0,0x04,Administrator,0xff,variable/unconstrained by dispatcher,0xffff,default/unrestricted branch,"GetLibMetaInfo record type 0x05, NetFn 0x32",/Volumes/xxx/src/me/git/zbmc/work/advantech-asmb787/unpacked/fw-filesystems/rootfs/usr/local/lib/libipmiamioemsshconf.so.13.0.0 .dynsym/g_SSHConf_CmdHndlr + relocation at 0x000010c4,39237c9123274fb25d1f7ced15722fb674cf65e328fd1f15bb392d3183299ff2,high for registration/identity/layout; payload schema not implied,"runtime registered: exact feature token present; loader enable, dependencies, exported table, and table merge proved",selector=0;enabled; selector=1;enabled,cc,exact ASMB-787 handler decompilation,target-proven,security-sensitive
0x32,0x18,,no selector in first-level dispatch; handler payload selectors unknown unless separately documented,AMIGetRMediaCfg,libipmiamioemris.so.13.0.0,g_RIS_CmdHndlr,plugin,0x00003128,0x00003158,0x02,User,0x01,exactly 1 request payload bytes,0xffff,default/unrestricted branch,"GetLibMetaInfo record type 0x05, NetFn 0x32",/Volumes/xxx/src/me/git/zbmc/work/advantech-asmb787/unpacked/fw-filesystems/rootfs/usr/local/lib/libipmiamioemris.so.13.0.0 .dynsym/g_RIS_CmdHndlr + relocation at 0x0000315c,d2c1214242afb3e65bba48de4c6db15d2f139ef96b59e744cc97ac09b7895847,high for registration/identity/layout; payload schema not implied,"runtime registered: exact feature token present; loader enable, dependencies, exported table, and table merge proved",selector=0; selector=1,cc;retry_count; cc;retry_interval,exact ASMB-787 handler decompilation,target-proven,safe
0x32,0x19,,no selector in first-level dispatch; handler payload selectors unknown unless separately documented,AMISetRMediaCfg,libipmiamioemris.so.13.0.0,g_RIS_CmdHndlr,plugin,0x00003128,0x00003168,0x04,Administrator,0xff,variable/unconstrained by dispatcher,0xffff,default/unrestricted branch,"GetLibMetaInfo record type 0x05, NetFn 0x32",/Volumes/xxx/src/me/git/zbmc/work/advantech-asmb787/unpacked/fw-filesystems/rootfs/usr/local/lib/libipmiamioemris.so.13.0.0 .dynsym/g_RIS_CmdHndlr + relocation at 0x0000316c,d2c1214242afb3e65bba48de4c6db15d2f139ef96b59e744cc97ac09b7895847,high for registration/identity/layout; payload schema not implied,"runtime registered: exact feature token present; loader enable, dependencies, exported table, and table merge proved",selector=0;value; selector=1;value,cc,exact ASMB-787 handler decompilation,target-proven,mutates
0x32,0x1e,,no selector in first-level dispatch; handler payload selectors unknown unless separately documented,AMIYAFUGetImgSize,libipmimsghndlr.so.13.22.0,g_AMI_CmdHndlr,core,0x0009db24,0x0009dd24,0x04,Administrator,0x02,exactly 2 request payload bytes,0x0008,interface selector 0x0008 (default-supported branch),static PDK registration array + g_AMI_CmdHndlr,/Volumes/xxx/src/me/git/zbmc/work/advantech-asmb787/unpacked/fw-filesystems/rootfs/usr/local/lib/libipmimsghndlr.so.13.22.0 .dynsym/g_AMI_CmdHndlr + relocation at 0x0009dd28,23e5b17be7125d100db9effea1772a57ee8ecd45da0569a5a331b8eb8d627539,high for registration/identity/layout; payload schema not implied,statically registered in owning dispatcher table,byte0;byte1,cc,exact ASMB-787 handler decompilation,target-proven,mutates
0x32,0x20,,no selector in first-level dispatch; handler payload selectors unknown unless separately documented,AMIYAFUAllocateMemory,libipmimsghndlr.so.13.22.0,g_AMI_CmdHndlr,core,0x0009db24,0x0009dba4,0x04,Administrator,0x10,exactly 16 request payload bytes,0x0008,interface selector 0x0008 (default-supported branch),static PDK registration array + g_AMI_CmdHndlr,/Volumes/xxx/src/me/git/zbmc/work/advantech-asmb787/unpacked/fw-filesystems/rootfs/usr/local/lib/libipmimsghndlr.so.13.22.0 .dynsym/g_AMI_CmdHndlr + relocation at 0x0009dba8,23e5b17be7125d100db9effea1772a57ee8ecd45da0569a5a331b8eb8d627539,high for registration/identity/layout; payload schema not implied,statically registered in owning dispatcher table,"YafuHeader(seq:u32le,yafu_cmd:u16le,data_len:u16le,crc32:u32le);size:u32le","cc;YafuHeader(seq:u32le,yafu_cmd:u16le,data_len:u16le,crc32:u32le);allocated_addr:u32le",exact ASMB-787 handler decompilation,target-proven,destructive
0x32,0x21,,no selector in first-level dispatch; handler payload selectors unknown unless separately documented,AMIYAFUFreeMemory,libipmimsghndlr.so.13.22.0,g_AMI_CmdHndlr,core,0x0009db24,0x0009dbb4,0x04,Administrator,0x10,exactly 16 request payload bytes,0x0008,interface selector 0x0008 (default-supported branch),static PDK registration array + g_AMI_CmdHndlr,/Volumes/xxx/src/me/git/zbmc/work/advantech-asmb787/unpacked/fw-filesystems/rootfs/usr/local/lib/libipmimsghndlr.so.13.22.0 .dynsym/g_AMI_CmdHndlr + relocation at 0x0009dbb8,23e5b17be7125d100db9effea1772a57ee8ecd45da0569a5a331b8eb8d627539,high for registration/identity/layout; payload schema not implied,statically registered in owning dispatcher table,"YafuHeader(seq:u32le,yafu_cmd:u16le,data_len:u16le,crc32:u32le);addr:u32le","cc;YafuHeader(seq:u32le,yafu_cmd:u16le,data_len:u16le,crc32:u32le);status:u8",exact ASMB-787 handler decompilation,target-proven,destructive
0x32,0x22,,no selector in first-level dispatch; handler payload selectors unknown unless separately documented,AMIYAFUReadFlash,libipmimsghndlr.so.13.22.0,g_AMI_CmdHndlr,core,0x0009db24,0x0009dbc4,0x04,Administrator,0xff,variable/unconstrained by dispatcher,0x0008,interface selector 0x0008 (default-supported branch),static PDK registration array + g_AMI_CmdHndlr,/Volumes/xxx/src/me/git/zbmc/work/advantech-asmb787/unpacked/fw-filesystems/rootfs/usr/local/lib/libipmimsghndlr.so.13.22.0 .dynsym/g_AMI_CmdHndlr + relocation at 0x0009dbc8,23e5b17be7125d100db9effea1772a57ee8ecd45da0569a5a331b8eb8d627539,high for registration/identity/layout; payload schema not implied,statically registered in owning dispatcher table,"YafuHeader(seq:u32le,yafu_cmd:u16le,data_len:u16le,crc32:u32le);flash_offset:u32le;width:u8;size:u32le","cc;YafuHeader(seq:u32le,yafu_cmd:u16le,data_len:u16le,crc32:u32le);data:bytes[data_len]",exact ASMB-787 handler decompilation,target-proven,destructive
0x32,0x23,,no selector in first-level dispatch; handler payload selectors unknown unless separately documented,AMIYAFUWriteFlash,libipmimsghndlr.so.13.22.0,g_AMI_CmdHndlr,core,0x0009db24,0x0009dbd4,0x04,Administrator,0xff,variable/unconstrained by dispatcher,0x0008,interface selector 0x0008 (default-supported branch),static PDK registration array + g_AMI_CmdHndlr,/Volumes/xxx/src/me/git/zbmc/work/advantech-asmb787/unpacked/fw-filesystems/rootfs/usr/local/lib/libipmimsghndlr.so.13.22.0 .dynsym/g_AMI_CmdHndlr + relocation at 0x0009dbd8,23e5b17be7125d100db9effea1772a57ee8ecd45da0569a5a331b8eb8d627539,high for registration/identity/layout; payload schema not implied,statically registered in owning dispatcher table,"YafuHeader(seq:u32le,yafu_cmd:u16le,data_len:u16le,crc32:u32le);flash_offset:u32le;width:u8;data:bytes[data_len-5]","cc;YafuHeader(seq:u32le,yafu_cmd:u16le,data_len:u16le,crc32:u32le);size_written:u16le",exact ASMB-787 handler decompilation,target-proven,destructive
0x32,0x24,,no selector in first-level dispatch; handler payload selectors unknown unless separately documented,AMIYAFUEraseFlash,libipmimsghndlr.so.13.22.0,g_AMI_CmdHndlr,core,0x0009db24,0x0009dbe4,0x04,Administrator,0x10,exactly 16 request payload bytes,0x0008,interface selector 0x0008 (default-supported branch),static PDK registration array + g_AMI_CmdHndlr,/Volumes/xxx/src/me/git/zbmc/work/advantech-asmb787/unpacked/fw-filesystems/rootfs/usr/local/lib/libipmimsghndlr.so.13.22.0 .dynsym/g_AMI_CmdHndlr + relocation at 0x0009dbe8,23e5b17be7125d100db9effea1772a57ee8ecd45da0569a5a331b8eb8d627539,high for registration/identity/layout; payload schema not implied,statically registered in owning dispatcher table,"YafuHeader(seq:u32le,yafu_cmd:u16le,data_len:u16le,crc32:u32le);block:u32le","cc;YafuHeader(seq:u32le,yafu_cmd:u16le,data_len:u16le,crc32:u32le);status:u8",exact ASMB-787 handler decompilation,target-proven,destructive
0x32,0x25,,no selector in first-level dispatch; handler payload selectors unknown unless separately documented,AMIYAFUProtectFlash,libipmimsghndlr.so.13.22.0,g_AMI_CmdHndlr,core,0x0009db24,0x0009dbf4,0x04,Administrator,0x11,exactly 17 request payload bytes,0x0008,interface selector 0x0008 (default-supported branch),static PDK registration array + g_AMI_CmdHndlr,/Volumes/xxx/src/me/git/zbmc/work/advantech-asmb787/unpacked/fw-filesystems/rootfs/usr/local/lib/libipmimsghndlr.so.13.22.0 .dynsym/g_AMI_CmdHndlr + relocation at 0x0009dbf8,23e5b17be7125d100db9effea1772a57ee8ecd45da0569a5a331b8eb8d627539,high for registration/identity/layout; payload schema not implied,statically registered in owning dispatcher table,"YafuHeader(seq:u32le,yafu_cmd:u16le,data_len:u16le,crc32:u32le);block:u32le;protect:u8","cc;YafuHeader(seq:u32le,yafu_cmd:u16le,data_len:u16le,crc32:u32le);status:u8",exact ASMB-787 handler decompilation,target-proven,destructive
0x32,0x26,,no selector in first-level dispatch; handler payload selectors unknown unless separately documented,AMIYAFUEraseCopyFlash,libipmimsghndlr.so.13.22.0,g_AMI_CmdHndlr,core,0x0009db24,0x0009dc04,0x04,Administrator,0x18,exactly 24 request payload bytes,0x0008,interface selector 0x0008 (default-supported branch),static PDK registration array + g_AMI_CmdHndlr,/Volumes/xxx/src/me/git/zbmc/work/advantech-asmb787/unpacked/fw-filesystems/rootfs/usr/local/lib/libipmimsghndlr.so.13.22.0 .dynsym/g_AMI_CmdHndlr + relocation at 0x0009dc08,23e5b17be7125d100db9effea1772a57ee8ecd45da0569a5a331b8eb8d627539,high for registration/identity/layout; payload schema not implied,statically registered in owning dispatcher table,"YafuHeader(seq:u32le,yafu_cmd:u16le,data_len:u16le,crc32:u32le);mem_offset:u32le;flash_offset:u32le;size:u32le","cc;YafuHeader(seq:u32le,yafu_cmd:u16le,data_len:u16le,crc32:u32le);size_copied:u32le",exact ASMB-787 handler decompilation,target-proven,destructive
0x32,0x27,,no selector in first-level dispatch; handler payload selectors unknown unless separately documented,AMIYAFUVerifyFlash,libipmimsghndlr.so.13.22.0,g_AMI_CmdHndlr,core,0x0009db24,0x0009dc14,0x04,Administrator,0x18,exactly 24 request payload bytes,0x0008,interface selector 0x0008 (default-supported branch),static PDK registration array + g_AMI_CmdHndlr,/Volumes/xxx/src/me/git/zbmc/work/advantech-asmb787/unpacked/fw-filesystems/rootfs/usr/local/lib/libipmimsghndlr.so.13.22.0 .dynsym/g_AMI_CmdHndlr + relocation at 0x0009dc18,23e5b17be7125d100db9effea1772a57ee8ecd45da0569a5a331b8eb8d627539,high for registration/identity/layout; payload schema not implied,statically registered in owning dispatcher table,"YafuHeader(seq:u32le,yafu_cmd:u16le,data_len:u16le,crc32:u32le);mem_offset:u32le;flash_offset:u32le;size:u32le","cc;YafuHeader(seq:u32le,yafu_cmd:u16le,data_len:u16le,crc32:u32le);mismatch_offset:u32le",exact ASMB-787 handler decompilation,target-proven,destructive
0x32,0x28,,no selector in first-level dispatch; handler payload selectors unknown unless separately documented,AMIYAFUGetECFStatus,libipmimsghndlr.so.13.22.0,g_AMI_CmdHndlr,core,0x0009db24,0x0009dcc4,0x04,Administrator,0x0c,exactly 12 request payload bytes,0x0008,interface selector 0x0008 (default-supported branch),static PDK registration array + g_AMI_CmdHndlr,/Volumes/xxx/src/me/git/zbmc/work/advantech-asmb787/unpacked/fw-filesystems/rootfs/usr/local/lib/libipmimsghndlr.so.13.22.0 .dynsym/g_AMI_CmdHndlr + relocation at 0x0009dcc8,23e5b17be7125d100db9effea1772a57ee8ecd45da0569a5a331b8eb8d627539,high for registration/identity/layout; payload schema not implied,statically registered in owning dispatcher table,"YafuHeader(seq:u32le,yafu_cmd:u16le,data_len:u16le,crc32:u32le)","cc;YafuHeader(seq:u32le,yafu_cmd:u16le,data_len:u16le,crc32:u32le);status:u32le;progress:u16le",exact ASMB-787 handler decompilation,target-proven,safe
0x32,0x29,,no selector in first-level dispatch; handler payload selectors unknown unless separately documented,AMIYAFUGetVerifyStatus,libipmimsghndlr.so.13.22.0,g_AMI_CmdHndlr,core,0x0009db24,0x0009dcd4,0x04,Administrator,0x0c,exactly 12 request payload bytes,0x0008,interface selector 0x0008 (default-supported branch),static PDK registration array + g_AMI_CmdHndlr,/Volumes/xxx/src/me/git/zbmc/work/advantech-asmb787/unpacked/fw-filesystems/rootfs/usr/local/lib/libipmimsghndlr.so.13.22.0 .dynsym/g_AMI_CmdHndlr + relocation at 0x0009dcd8,23e5b17be7125d100db9effea1772a57ee8ecd45da0569a5a331b8eb8d627539,high for registration/identity/layout; payload schema not implied,statically registered in owning dispatcher table,"YafuHeader(seq:u32le,yafu_cmd:u16le,data_len:u16le,crc32:u32le)","cc;YafuHeader(seq:u32le,yafu_cmd:u16le,data_len:u16le,crc32:u32le);status:u32le;offset:u32le;progress:u16le",exact ASMB-787 handler decompilation,target-proven,safe
0x32,0x2a,,no selector in first-level dispatch; handler payload selectors unknown unless separately documented,AMIAccessRedisDB,libipmiamioemaccessredis.so.13.1.0,g_AccessRedis_CmdHndlr,plugin,0x00000e7c,0x00000e7c,0x81,special/raw 0x81,0xff,variable/unconstrained by dispatcher,0xffff,default/unrestricted branch,"GetLibMetaInfo record type 0x05, NetFn 0x32",/Volumes/xxx/src/me/git/zbmc/work/advantech-asmb787/unpacked/fw-filesystems/rootfs/usr/local/lib/libipmiamioemaccessredis.so.13.1.0 .dynsym/g_AccessRedis_CmdHndlr + relocation at 0x00000e80,600f442db2ce9989fcba1fe6e84805d3b030222eb3a7b7c932130c030c8cbfec,high for registration/identity/layout; payload schema not implied,"runtime registered: exact feature token present; loader enable, dependencies, exported table, and table merge proved",db0;start_index;command@2; db1;start_index;command@2,cc;type;typed_body,exact ASMB-787 handler decompilation,target-proven,security-sensitive
0x32,0x2b,,no selector in first-level dispatch; handler payload selectors unknown unless separately documented,AMISetPswdChangeStatus,libipmimsghndlr.so.13.22.0,g_AMI_CmdHndlr,core,0x0009db24,0x0009e034,0x04,Administrator,0x01,exactly 1 request payload bytes,0xffff,default/unrestricted branch,static PDK registration array + g_AMI_CmdHndlr,/Volumes/xxx/src/me/git/zbmc/work/advantech-asmb787/unpacked/fw-filesystems/rootfs/usr/local/lib/libipmimsghndlr.so.13.22.0 .dynsym/g_AMI_CmdHndlr + relocation at 0x0009e038,23e5b17be7125d100db9effea1772a57ee8ecd45da0569a5a331b8eb8d627539,high for registration/identity/layout; payload schema not implied,statically registered in owning dispatcher table,user_id,cc,exact ASMB-787 handler decompilation,target-proven,mutates
0x32,0x30,,no selector in first-level dispatch; handler payload selectors unknown unless separately documented,AMIYAFUReadMemory,libipmimsghndlr.so.13.22.0,g_AMI_CmdHndlr,core,0x0009db24,0x0009dc24,0x04,Administrator,0x13,exactly 19 request payload bytes,0x0008,interface selector 0x0008 (default-supported branch),static PDK registration array + g_AMI_CmdHndlr,/Volumes/xxx/src/me/git/zbmc/work/advantech-asmb787/unpacked/fw-filesystems/rootfs/usr/local/lib/libipmimsghndlr.so.13.22.0 .dynsym/g_AMI_CmdHndlr + relocation at 0x0009dc28,23e5b17be7125d100db9effea1772a57ee8ecd45da0569a5a331b8eb8d627539,high for registration/identity/layout; payload schema not implied,statically registered in owning dispatcher table,"YafuHeader(seq:u32le,yafu_cmd:u16le,data_len:u16le,crc32:u32le);mem_offset:u32le;width:u8;size:u16le","cc;YafuHeader(seq:u32le,yafu_cmd:u16le,data_len:u16le,crc32:u32le);data:bytes[data_len]",exact ASMB-787 handler decompilation,target-proven,destructive
0x32,0x31,,no selector in first-level dispatch; handler payload selectors unknown unless separately documented,AMIYAFUWriteMemory,libipmimsghndlr.so.13.22.0,g_AMI_CmdHndlr,core,0x0009db24,0x0009dc34,0x04,Administrator,0xff,variable/unconstrained by dispatcher,0x0008,interface selector 0x0008 (default-supported branch),static PDK registration array + g_AMI_CmdHndlr,/Volumes/xxx/src/me/git/zbmc/work/advantech-asmb787/unpacked/fw-filesystems/rootfs/usr/local/lib/libipmimsghndlr.so.13.22.0 .dynsym/g_AMI_CmdHndlr + relocation at 0x0009dc38,23e5b17be7125d100db9effea1772a57ee8ecd45da0569a5a331b8eb8d627539,high for registration/identity/layout; payload schema not implied,statically registered in owning dispatcher table,"YafuHeader(seq:u32le,yafu_cmd:u16le,data_len:u16le,crc32:u32le);mem_offset:u32le;width:u8;data:bytes[data_len-5]","cc;YafuHeader(seq:u32le,yafu_cmd:u16le,data_len:u16le,crc32:u32le);size_written:u16le",exact ASMB-787 handler decompilation,target-proven,destructive
0x32,0x32,,no selector in first-level dispatch; handler payload selectors unknown unless separately documented,AMIYAFUCopyMemory,libipmimsghndlr.so.13.22.0,g_AMI_CmdHndlr,core,0x0009db24,0x0009dc44,0x04,Administrator,0x18,exactly 24 request payload bytes,0x0008,interface selector 0x0008 (default-supported branch),static PDK registration array + g_AMI_CmdHndlr,/Volumes/xxx/src/me/git/zbmc/work/advantech-asmb787/unpacked/fw-filesystems/rootfs/usr/local/lib/libipmimsghndlr.so.13.22.0 .dynsym/g_AMI_CmdHndlr + relocation at 0x0009dc48,23e5b17be7125d100db9effea1772a57ee8ecd45da0569a5a331b8eb8d627539,high for registration/identity/layout; payload schema not implied,statically registered in owning dispatcher table,"YafuHeader(seq:u32le,yafu_cmd:u16le,data_len:u16le,crc32:u32le);src:u32le;dst:u32le;size:u32le","cc;YafuHeader(seq:u32le,yafu_cmd:u16le,data_len:u16le,crc32:u32le);size_copied:u32le",exact ASMB-787 handler decompilation,target-proven,destructive
0x32,0x33,,no selector in first-level dispatch; handler payload selectors unknown unless separately documented,AMIYAFUCompareMemory,libipmimsghndlr.so.13.22.0,g_AMI_CmdHndlr,core,0x0009db24,0x0009dc54,0x04,Administrator,0x18,exactly 24 request payload bytes,0x0008,interface selector 0x0008 (default-supported branch),static PDK registration array + g_AMI_CmdHndlr,/Volumes/xxx/src/me/git/zbmc/work/advantech-asmb787/unpacked/fw-filesystems/rootfs/usr/local/lib/libipmimsghndlr.so.13.22.0 .dynsym/g_AMI_CmdHndlr + relocation at 0x0009dc58,23e5b17be7125d100db9effea1772a57ee8ecd45da0569a5a331b8eb8d627539,high for registration/identity/layout; payload schema not implied,statically registered in owning dispatcher table,"YafuHeader(seq:u32le,yafu_cmd:u16le,data_len:u16le,crc32:u32le);offset1:u32le;offset2:u32le;size:u32le","cc;YafuHeader(seq:u32le,yafu_cmd:u16le,data_len:u16le,crc32:u32le);mismatch_offset:u32le",exact ASMB-787 handler decompilation,target-proven,destructive
0x32,0x34,,no selector in first-level dispatch; handler payload selectors unknown unless separately documented,AMIYAFUClearMemory,libipmimsghndlr.so.13.22.0,g_AMI_CmdHndlr,core,0x0009db24,0x0009dc64,0x04,Administrator,0x14,exactly 20 request payload bytes,0x0008,interface selector 0x0008 (default-supported branch),static PDK registration array + g_AMI_CmdHndlr,/Volumes/xxx/src/me/git/zbmc/work/advantech-asmb787/unpacked/fw-filesystems/rootfs/usr/local/lib/libipmimsghndlr.so.13.22.0 .dynsym/g_AMI_CmdHndlr + relocation at 0x0009dc68,23e5b17be7125d100db9effea1772a57ee8ecd45da0569a5a331b8eb8d627539,high for registration/identity/layout; payload schema not implied,statically registered in owning dispatcher table,"YafuHeader(seq:u32le,yafu_cmd:u16le,data_len:u16le,crc32:u32le);offset:u32le;size:u32le","cc;YafuHeader(seq:u32le,yafu_cmd:u16le,data_len:u16le,crc32:u32le);size_cleared:u32le",exact ASMB-787 handler decompilation,target-proven,destructive
0x32,0x35,,no selector in first-level dispatch; handler payload selectors unknown unless separately documented,AMIYAFUCompareMeVersion,libipmimsghndlr.so.13.22.0,g_AMI_CmdHndlr,core,0x0009db24,0x0009dd14,0x04,Administrator,0x14,exactly 20 request payload bytes,0x0008,interface selector 0x0008 (default-supported branch),static PDK registration array + g_AMI_CmdHndlr,/Volumes/xxx/src/me/git/zbmc/work/advantech-asmb787/unpacked/fw-filesystems/rootfs/usr/local/lib/libipmimsghndlr.so.13.22.0 .dynsym/g_AMI_CmdHndlr + relocation at 0x0009dd18,23e5b17be7125d100db9effea1772a57ee8ecd45da0569a5a331b8eb8d627539,high for registration/identity/layout; payload schema not implied,statically registered in owning dispatcher table,"YafuHeader(seq:u32le,yafu_cmd:u16le,data_len:u16le,crc32:u32le);mem_offset:u32le;image_size:u32le","cc;YafuHeader(seq:u32le,yafu_cmd:u16le,data_len:u16le,crc32:u32le);current_status:u8;current_version:4B;compare_status:u8;new_version:4B",exact ASMB-787 handler decompilation,target-proven,safe
0x32,0x36,,no selector in first-level dispatch; handler payload selectors unknown unless separately documented,AMIGetPTPCfg,libipmiamioemptp.so.13.1.0,g_PTP_CmdHndlr,plugin,0x00001010,0x00001010,0x03,Operator,0x00,exactly 0 request payload bytes,0xffff,default/unrestricted branch,"GetLibMetaInfo record type 0x05, NetFn 0x32",/Volumes/xxx/src/me/git/zbmc/work/advantech-asmb787/unpacked/fw-filesystems/rootfs/usr/local/lib/libipmiamioemptp.so.13.1.0 .dynsym/g_PTP_CmdHndlr + relocation at 0x00001014,58390c888a12d6738d62ecbba389dd1eba2634fc97d1ac1a95d2c55aad9c0e0f,high for registration/identity/layout; payload schema not implied,"runtime registered: exact feature token present; loader enable, dependencies, exported table, and table merge proved",empty,cc;mode;transport;delay_mechanism;two_step;domain[6],exact ASMB-787 handler decompilation,target-proven,safe
0x32,0x37,,no selector in first-level dispatch; handler payload selectors unknown unless separately documented,AMISetPTPCfg,libipmiamioemptp.so.13.1.0,g_PTP_CmdHndlr,plugin,0x00001010,0x00001020,0x04,Administrator,0x0a,exactly 10 request payload bytes,0xffff,default/unrestricted branch,"GetLibMetaInfo record type 0x05, NetFn 0x32",/Volumes/xxx/src/me/git/zbmc/work/advantech-asmb787/unpacked/fw-filesystems/rootfs/usr/local/lib/libipmiamioemptp.so.13.1.0 .dynsym/g_PTP_CmdHndlr + relocation at 0x00001024,58390c888a12d6738d62ecbba389dd1eba2634fc97d1ac1a95d2c55aad9c0e0f,high for registration/identity/layout; payload schema not implied,"runtime registered: exact feature token present; loader enable, dependencies, exported table, and table merge proved",mode;transport;delay_mechanism;two_step;domain[6],cc,exact ASMB-787 handler decompilation,target-proven,mutates
0x32,0x38,,no selector in first-level dispatch; handler payload selectors unknown unless separately documented,AMIGetPTPInt,libipmiamioemptp.so.13.1.0,g_PTP_CmdHndlr,plugin,0x00001010,0x00001030,0x03,Operator,0x00,exactly 0 request payload bytes,0xffff,default/unrestricted branch,"GetLibMetaInfo record type 0x05, NetFn 0x32",/Volumes/xxx/src/me/git/zbmc/work/advantech-asmb787/unpacked/fw-filesystems/rootfs/usr/local/lib/libipmiamioemptp.so.13.1.0 .dynsym/g_PTP_CmdHndlr + relocation at 0x00001034,58390c888a12d6738d62ecbba389dd1eba2634fc97d1ac1a95d2c55aad9c0e0f,high for registration/identity/layout; payload schema not implied,"runtime registered: exact feature token present; loader enable, dependencies, exported table, and table merge proved",empty,cc;interface[10],exact ASMB-787 handler decompilation,target-proven,safe
0x32,0x39,,no selector in first-level dispatch; handler payload selectors unknown unless separately documented,AMISetPTPInt,libipmiamioemptp.so.13.1.0,g_PTP_CmdHndlr,plugin,0x00001010,0x00001040,0x04,Administrator,0x0a,exactly 10 request payload bytes,0xffff,default/unrestricted branch,"GetLibMetaInfo record type 0x05, NetFn 0x32",/Volumes/xxx/src/me/git/zbmc/work/advantech-asmb787/unpacked/fw-filesystems/rootfs/usr/local/lib/libipmiamioemptp.so.13.1.0 .dynsym/g_PTP_CmdHndlr + relocation at 0x00001044,58390c888a12d6738d62ecbba389dd1eba2634fc97d1ac1a95d2c55aad9c0e0f,high for registration/identity/layout; payload schema not implied,"runtime registered: exact feature token present; loader enable, dependencies, exported table, and table merge proved",interface[10],cc,exact ASMB-787 handler decompilation,target-proven,mutates
0x32,0x3a,,no selector in first-level dispatch; handler payload selectors unknown unless separately documented,AMIGetPTPUnicastip,libipmiamioemptp.so.13.1.0,g_PTP_CmdHndlr,plugin,0x00001010,0x00001050,0x03,Operator,0x00,exactly 0 request payload bytes,0xffff,default/unrestricted branch,"GetLibMetaInfo record type 0x05, NetFn 0x32",/Volumes/xxx/src/me/git/zbmc/work/advantech-asmb787/unpacked/fw-filesystems/rootfs/usr/local/lib/libipmiamioemptp.so.13.1.0 .dynsym/g_PTP_CmdHndlr + relocation at 0x00001054,58390c888a12d6738d62ecbba389dd1eba2634fc97d1ac1a95d2c55aad9c0e0f,high for registration/identity/layout; payload schema not implied,"runtime registered: exact feature token present; loader enable, dependencies, exported table, and table merge proved",empty,cc;ipv4_text[15],exact ASMB-787 handler decompilation,target-proven,safe
0x32,0x3b,,no selector in first-level dispatch; handler payload selectors unknown unless separately documented,AMISetPTPUnicastip,libipmiamioemptp.so.13.1.0,g_PTP_CmdHndlr,plugin,0x00001010,0x00001060,0x04,Administrator,0x0f,exactly 15 request payload bytes,0xffff,default/unrestricted branch,"GetLibMetaInfo record type 0x05, NetFn 0x32",/Volumes/xxx/src/me/git/zbmc/work/advantech-asmb787/unpacked/fw-filesystems/rootfs/usr/local/lib/libipmiamioemptp.so.13.1.0 .dynsym/g_PTP_CmdHndlr + relocation at 0x00001064,58390c888a12d6738d62ecbba389dd1eba2634fc97d1ac1a95d2c55aad9c0e0f,high for registration/identity/layout; payload schema not implied,"runtime registered: exact feature token present; loader enable, dependencies, exported table, and table merge proved",ipv4_text[15],cc,exact ASMB-787 handler decompilation,target-proven,mutates
0x32,0x3c,,no selector in first-level dispatch; handler payload selectors unknown unless separately documented,AMIPTPCtrl,libipmiamioemptp.so.13.1.0,g_PTP_CmdHndlr,plugin,0x00001010,0x00001070,0x04,Administrator,0x01,exactly 1 request payload bytes,0xffff,default/unrestricted branch,"GetLibMetaInfo record type 0x05, NetFn 0x32",/Volumes/xxx/src/me/git/zbmc/work/advantech-asmb787/unpacked/fw-filesystems/rootfs/usr/local/lib/libipmiamioemptp.so.13.1.0 .dynsym/g_PTP_CmdHndlr + relocation at 0x00001074,58390c888a12d6738d62ecbba389dd1eba2634fc97d1ac1a95d2c55aad9c0e0f,high for registration/identity/layout; payload schema not implied,"runtime registered: exact feature token present; loader enable, dependencies, exported table, and table merge proved",action=0; action=1; action=2; action=3,cc; cc;running_bool,exact ASMB-787 handler decompilation,target-proven,mutates
0x32,0x3d,,no selector in first-level dispatch; handler payload selectors unknown unless separately documented,AMIGetBMCInterfaceStatus,libipmimsghndlr.so.13.22.0,g_AMI_CmdHndlr,core,0x0009db24,0x0009e044,0x04,Administrator,0x03,exactly 3 request payload bytes,0xffff,default/unrestricted branch,static PDK registration array + g_AMI_CmdHndlr,/Volumes/xxx/src/me/git/zbmc/work/advantech-asmb787/unpacked/fw-filesystems/rootfs/usr/local/lib/libipmimsghndlr.so.13.22.0 .dynsym/g_AMI_CmdHndlr + relocation at 0x0009e048,23e5b17be7125d100db9effea1772a57ee8ecd45da0569a5a331b8eb8d627539,high for registration/identity/layout; payload schema not implied,statically registered in owning dispatcher table,magic=1;reserved=0;mask,cc;kcs_status;lan_status;usb_status,exact ASMB-787 handler decompilation,target-proven,safe
0x32,0x3e,,no selector in first-level dispatch; handler payload selectors unknown unless separately documented,AMIGetKCSLANIfcSupport,libipmimsghndlr.so.13.22.0,g_AMI_CmdHndlr,core,0x0009db24,0x0009e054,0x04,Administrator,0x01,exactly 1 request payload bytes,0xffff,default/unrestricted branch,static PDK registration array + g_AMI_CmdHndlr,/Volumes/xxx/src/me/git/zbmc/work/advantech-asmb787/unpacked/fw-filesystems/rootfs/usr/local/lib/libipmimsghndlr.so.13.22.0 .dynsym/g_AMI_CmdHndlr + relocation at 0x0009e058,23e5b17be7125d100db9effea1772a57ee8ecd45da0569a5a331b8eb8d627539,high for registration/identity/layout; payload schema not implied,statically registered in owning dispatcher table,selector=01; selector=0f,cc;enabled_bool,exact ASMB-787 handler decompilation,target-proven,safe
0x32,0x3f,,no selector in first-level dispatch; handler payload selectors unknown unless separately documented,AMISetKCSLANIfcSupport,libipmimsghndlr.so.13.22.0,g_AMI_CmdHndlr,core,0x0009db24,0x0009e064,0x04,Administrator,0x02,exactly 2 request payload bytes,0xffff,default/unrestricted branch,static PDK registration array + g_AMI_CmdHndlr,/Volumes/xxx/src/me/git/zbmc/work/advantech-asmb787/unpacked/fw-filesystems/rootfs/usr/local/lib/libipmimsghndlr.so.13.22.0 .dynsym/g_AMI_CmdHndlr + relocation at 0x0009e068,23e5b17be7125d100db9effea1772a57ee8ecd45da0569a5a331b8eb8d627539,high for registration/identity/layout; payload schema not implied,statically registered in owning dispatcher table,selector=01;enabled; selector=0f;enabled,cc,exact ASMB-787 handler decompilation,target-proven,mutates
0x32,0x40,,no selector in first-level dispatch; handler payload selectors unknown unless separately documented,AMIYAFUGetBootConfig,libipmimsghndlr.so.13.22.0,g_AMI_CmdHndlr,core,0x0009db24,0x0009dc74,0x04,Administrator,0x4d,exactly 77 request payload bytes,0x0008,interface selector 0x0008 (default-supported branch),static PDK registration array + g_AMI_CmdHndlr,/Volumes/xxx/src/me/git/zbmc/work/advantech-asmb787/unpacked/fw-filesystems/rootfs/usr/local/lib/libipmimsghndlr.so.13.22.0 .dynsym/g_AMI_CmdHndlr + relocation at 0x0009dc78,23e5b17be7125d100db9effea1772a57ee8ecd45da0569a5a331b8eb8d627539,high for registration/identity/layout; payload schema not implied,statically registered in owning dispatcher table,"YafuHeader(seq:u32le,yafu_cmd:u16le,data_len:u16le,crc32:u32le);var_name:bytes[65]","cc;YafuHeader(seq:u32le,yafu_cmd:u16le,data_len:u16le,crc32:u32le);status:u8;value:bytes[data_len-1]",exact ASMB-787 handler decompilation,target-proven,safe
0x32,0x41,,no selector in first-level dispatch; handler payload selectors unknown unless separately documented,AMIYAFUSetBootConfig,libipmimsghndlr.so.13.22.0,g_AMI_CmdHndlr,core,0x0009db24,0x0009dc84,0x04,Administrator,0xff,variable/unconstrained by dispatcher,0x0008,interface selector 0x0008 (default-supported branch),static PDK registration array + g_AMI_CmdHndlr,/Volumes/xxx/src/me/git/zbmc/work/advantech-asmb787/unpacked/fw-filesystems/rootfs/usr/local/lib/libipmimsghndlr.so.13.22.0 .dynsym/g_AMI_CmdHndlr + relocation at 0x0009dc88,23e5b17be7125d100db9effea1772a57ee8ecd45da0569a5a331b8eb8d627539,high for registration/identity/layout; payload schema not implied,statically registered in owning dispatcher table,"YafuHeader(seq:u32le,yafu_cmd:u16le,data_len:u16le,crc32:u32le);var_name:bytes[65];value:bytes[data_len-65]","cc;YafuHeader(seq:u32le,yafu_cmd:u16le,data_len:u16le,crc32:u32le);status:u8",exact ASMB-787 handler decompilation,target-proven,destructive
0x32,0x42,,no selector in first-level dispatch; handler payload selectors unknown unless separately documented,AMIYAFUGetBootVars,libipmimsghndlr.so.13.22.0,g_AMI_CmdHndlr,core,0x0009db24,0x0009dc94,0x04,Administrator,0xff,variable/unconstrained by dispatcher,0x0008,interface selector 0x0008 (default-supported branch),static PDK registration array + g_AMI_CmdHndlr,/Volumes/xxx/src/me/git/zbmc/work/advantech-asmb787/unpacked/fw-filesystems/rootfs/usr/local/lib/libipmimsghndlr.so.13.22.0 .dynsym/g_AMI_CmdHndlr + relocation at 0x0009dc98,23e5b17be7125d100db9effea1772a57ee8ecd45da0569a5a331b8eb8d627539,high for registration/identity/layout; payload schema not implied,statically registered in owning dispatcher table,"YafuHeader(seq:u32le,yafu_cmd:u16le,data_len:u16le,crc32:u32le)","cc;YafuHeader(seq:u32le,yafu_cmd:u16le,data_len:u16le,crc32:u32le);var_count:u8;vars:bytes[data_len-1]",exact ASMB-787 handler decompilation,target-proven,safe
0x32,0x4a,,no selector in first-level dispatch; handler payload selectors unknown unless separately documented,AMISensorThresholdAcrossResets,libipmiamioemsensorthresholdacrossresets.so.13.0.0,g_SensorThresholdAcrossResets_CmdHndlr,plugin,0x00001488,0x00001488,0x02,User,0x01,exactly 1 request payload bytes,0xffff,default/unrestricted branch,"GetLibMetaInfo record type 0x05, NetFn 0x32",/Volumes/xxx/src/me/git/zbmc/work/advantech-asmb787/unpacked/fw-filesystems/rootfs/usr/local/lib/libipmiamioemsensorthresholdacrossresets.so.13.0.0 .dynsym/g_SensorThresholdAcrossResets_CmdHndlr + relocation at 0x0000148c,10755aee60cdc8828bec02cb4d78b5c8087d15f00af5fe7fc8d04d81d88db2bd,high for registration/identity/layout; payload schema not implied,"runtime registered: exact feature token present; loader enable, dependencies, exported table, and table merge proved",action=0; action=1; action=2,cc,exact ASMB-787 handler decompilation,target-proven,destructive
0x32,0x50,,no selector in first-level dispatch; handler payload selectors unknown unless separately documented,AMIYAFUDeactivateFlash,libipmimsghndlr.so.13.22.0,g_AMI_CmdHndlr,core,0x0009db24,0x0009dca4,0x04,Administrator,0x0c,exactly 12 request payload bytes,0x0008,interface selector 0x0008 (default-supported branch),static PDK registration array + g_AMI_CmdHndlr,/Volumes/xxx/src/me/git/zbmc/work/advantech-asmb787/unpacked/fw-filesystems/rootfs/usr/local/lib/libipmimsghndlr.so.13.22.0 .dynsym/g_AMI_CmdHndlr + relocation at 0x0009dca8,23e5b17be7125d100db9effea1772a57ee8ecd45da0569a5a331b8eb8d627539,high for registration/identity/layout; payload schema not implied,statically registered in owning dispatcher table,"YafuHeader(seq:u32le,yafu_cmd:u16le,data_len:u16le,crc32:u32le)","cc;YafuHeader(seq:u32le,yafu_cmd:u16le,data_len:u16le,crc32:u32le);status:u8",exact ASMB-787 handler decompilation,target-proven,destructive
0x32,0x51,,no selector in first-level dispatch; handler payload selectors unknown unless separately documented,AMIYAFUResetDevice,libipmimsghndlr.so.13.22.0,g_AMI_CmdHndlr,core,0x0009db24,0x0009dcb4,0x04,Administrator,0x0e,exactly 14 request payload bytes,0x0008,interface selector 0x0008 (default-supported branch),static PDK registration array + g_AMI_CmdHndlr,/Volumes/xxx/src/me/git/zbmc/work/advantech-asmb787/unpacked/fw-filesystems/rootfs/usr/local/lib/libipmimsghndlr.so.13.22.0 .dynsym/g_AMI_CmdHndlr + relocation at 0x0009dcb8,23e5b17be7125d100db9effea1772a57ee8ecd45da0569a5a331b8eb8d627539,high for registration/identity/layout; payload schema not implied,statically registered in owning dispatcher table,"YafuHeader(seq:u32le,yafu_cmd:u16le,data_len:u16le,crc32:u32le);wait_seconds:u16le","cc;YafuHeader(seq:u32le,yafu_cmd:u16le,data_len:u16le,crc32:u32le);status:u8",exact ASMB-787 handler decompilation,target-proven,destructive
0x32,0x52,,no selector in first-level dispatch; handler payload selectors unknown unless separately documented,AMIYAFUSwitchFlashDevice,libipmimsghndlr.so.13.22.0,g_AMI_CmdHndlr,core,0x0009db24,0x0009db24,0x04,Administrator,0x01,exactly 1 request payload bytes,0x0008,interface selector 0x0008 (default-supported branch),static PDK registration array + g_AMI_CmdHndlr,/Volumes/xxx/src/me/git/zbmc/work/advantech-asmb787/unpacked/fw-filesystems/rootfs/usr/local/lib/libipmimsghndlr.so.13.22.0 .dynsym/g_AMI_CmdHndlr + relocation at 0x0009db28,23e5b17be7125d100db9effea1772a57ee8ecd45da0569a5a331b8eb8d627539,high for registration/identity/layout; payload schema not implied,statically registered in owning dispatcher table,flash_device:u8,cc;status:u8,exact ASMB-787 handler decompilation,target-proven,destructive
0x32,0x53,,no selector in first-level dispatch; handler payload selectors unknown unless separately documented,AMIYAFURestoreFlashDevice,libipmimsghndlr.so.13.22.0,g_AMI_CmdHndlr,core,0x0009db24,0x0009db44,0x04,Administrator,0x01,exactly 1 request payload bytes,0x0008,interface selector 0x0008 (default-supported branch),static PDK registration array + g_AMI_CmdHndlr,/Volumes/xxx/src/me/git/zbmc/work/advantech-asmb787/unpacked/fw-filesystems/rootfs/usr/local/lib/libipmimsghndlr.so.13.22.0 .dynsym/g_AMI_CmdHndlr + relocation at 0x0009db48,23e5b17be7125d100db9effea1772a57ee8ecd45da0569a5a331b8eb8d627539,high for registration/identity/layout; payload schema not implied,statically registered in owning dispatcher table,flash_device:u8,cc;status:u8,exact ASMB-787 handler decompilation,target-proven,destructive
0x32,0x54,,no selector in first-level dispatch; handler payload selectors unknown unless separately documented,AMIYAFUDualImgSup,libipmimsghndlr.so.13.22.0,g_AMI_CmdHndlr,core,0x0009db24,0x0009dce4,0x04,Administrator,0x10,exactly 16 request payload bytes,0x0008,interface selector 0x0008 (default-supported branch),static PDK registration array + g_AMI_CmdHndlr,/Volumes/xxx/src/me/git/zbmc/work/advantech-asmb787/unpacked/fw-filesystems/rootfs/usr/local/lib/libipmimsghndlr.so.13.22.0 .dynsym/g_AMI_CmdHndlr + relocation at 0x0009dce8,23e5b17be7125d100db9effea1772a57ee8ecd45da0569a5a331b8eb8d627539,high for registration/identity/layout; payload schema not implied,statically registered in owning dispatcher table,"YafuHeader(seq:u32le,yafu_cmd:u16le,data_len:u16le,crc32:u32le);preserve_conf:u8;reserved:3B","cc;YafuHeader(seq:u32le,yafu_cmd:u16le,data_len:u16le,crc32:u32le)",exact ASMB-787 handler decompilation,target-proven,destructive
0x32,0x55,,no selector in first-level dispatch; handler payload selectors unknown unless separately documented,AMIYAFUFWSelectFlash,libipmimsghndlr.so.13.22.0,g_AMI_CmdHndlr,core,0x0009db24,0x0009dcf4,0x04,Administrator,0x0d,exactly 13 request payload bytes,0x0008,interface selector 0x0008 (default-supported branch),static PDK registration array + g_AMI_CmdHndlr,/Volumes/xxx/src/me/git/zbmc/work/advantech-asmb787/unpacked/fw-filesystems/rootfs/usr/local/lib/libipmimsghndlr.so.13.22.0 .dynsym/g_AMI_CmdHndlr + relocation at 0x0009dcf8,23e5b17be7125d100db9effea1772a57ee8ecd45da0569a5a331b8eb8d627539,high for registration/identity/layout; payload schema not implied,statically registered in owning dispatcher table,"YafuHeader(seq:u32le,yafu_cmd:u16le,data_len:u16le,crc32:u32le);flash_select:u8","cc;YafuHeader(seq:u32le,yafu_cmd:u16le,data_len:u16le,crc32:u32le);status:u8",exact ASMB-787 handler decompilation,target-proven,destructive
0x32,0x56,,no selector in first-level dispatch; handler payload selectors unknown unless separately documented,AMIYAFUActivateFlashDevice,libipmimsghndlr.so.13.22.0,g_AMI_CmdHndlr,core,0x0009db24,0x0009db34,0x04,Administrator,0x01,exactly 1 request payload bytes,0x0008,interface selector 0x0008 (default-supported branch),static PDK registration array + g_AMI_CmdHndlr,/Volumes/xxx/src/me/git/zbmc/work/advantech-asmb787/unpacked/fw-filesystems/rootfs/usr/local/lib/libipmimsghndlr.so.13.22.0 .dynsym/g_AMI_CmdHndlr + relocation at 0x0009db38,23e5b17be7125d100db9effea1772a57ee8ecd45da0569a5a331b8eb8d627539,high for registration/identity/layout; payload schema not implied,statically registered in owning dispatcher table,flash_device:u8,cc;status:u8,exact ASMB-787 handler decompilation,target-proven,destructive
0x32,0x57,,no selector in first-level dispatch; handler payload selectors unknown unless separately documented,AMIFileUpload,libipmimsghndlr.so.13.22.0,g_AMI_CmdHndlr,core,0x0009db24,0x0009dd34,0x04,Administrator,0xff,variable/unconstrained by dispatcher,0x0008,interface selector 0x0008 (default-supported branch),static PDK registration array + g_AMI_CmdHndlr,/Volumes/xxx/src/me/git/zbmc/work/advantech-asmb787/unpacked/fw-filesystems/rootfs/usr/local/lib/libipmimsghndlr.so.13.22.0 .dynsym/g_AMI_CmdHndlr + relocation at 0x0009dd38,23e5b17be7125d100db9effea1772a57ee8ecd45da0569a5a331b8eb8d627539,high for registration/identity/layout; payload schema not implied,statically registered in owning dispatcher table,"packet_type:u8(bit0 first,bit1 last);opcode:u8;packet_len:u16le;transaction_id:u8;opcode_request_len:u8;reserved:bytes[2]=0;offset:u32le;reserved1:u32le=0;checksum:u32le;opcode_request:bytes[rq_len];chunk:bytes[packet_len-rq_len]",cc;transaction_id:u8,exact ASMB-787 handler decompilation,target-proven,mutates
0x32,0x58,,no selector in first-level dispatch; handler payload selectors unknown unless separately documented,AMIFileDownload,libipmimsghndlr.so.13.22.0,g_AMI_CmdHndlr,core,0x0009db24,0x0009dd44,0x04,Administrator,0xff,variable/unconstrained by dispatcher,0x0008,interface selector 0x0008 (default-supported branch),static PDK registration array + g_AMI_CmdHndlr,/Volumes/xxx/src/me/git/zbmc/work/advantech-asmb787/unpacked/fw-filesystems/rootfs/usr/local/lib/libipmimsghndlr.so.13.22.0 .dynsym/g_AMI_CmdHndlr + relocation at 0x0009dd48,23e5b17be7125d100db9effea1772a57ee8ecd45da0569a5a331b8eb8d627539,high for registration/identity/layout; payload schema not implied,statically registered in owning dispatcher table,opcode:u8;transaction_id:u8;requested_len:u16le;offset:u32le;opcode_request:bytes[...] only when transaction_id=0 and offset=0,cc;FileHdr{packet_type:u8;opcode:u8;packet_len:u16le;transaction_id:u8;request_len:u8;reserved:2B;next_offset:u32le;reserved1:u32le;checksum:u32le};chunk:bytes[packet_len],exact ASMB-787 handler decompilation,target-proven,safe
0x32,0x59,,no selector in first-level dispatch; handler payload selectors unknown unless separately documented,AMIYAFUMiscellaneousInfo,libipmimsghndlr.so.13.22.0,g_AMI_CmdHndlr,core,0x0009db24,0x0009dd04,0x04,Administrator,0x11,exactly 17 request payload bytes,0x0008,interface selector 0x0008 (default-supported branch),static PDK registration array + g_AMI_CmdHndlr,/Volumes/xxx/src/me/git/zbmc/work/advantech-asmb787/unpacked/fw-filesystems/rootfs/usr/local/lib/libipmimsghndlr.so.13.22.0 .dynsym/g_AMI_CmdHndlr + relocation at 0x0009dd08,23e5b17be7125d100db9effea1772a57ee8ecd45da0569a5a331b8eb8d627539,high for registration/identity/layout; payload schema not implied,statically registered in owning dispatcher table,preserve_flag:u8;reserved:u16le[8],cc;reserved:u16le[4],exact ASMB-787 handler decompilation,target-proven,safe
0x32,0x5a,,no selector in first-level dispatch; handler payload selectors unknown unless separately documented,AMISetInvenoryInfo,libipmiamioeminventory.so.13.0.0,g_Inventory_CmdHndlr,plugin,0x00000d50,0x00000d60,0x04,Administrator,0xff,variable/unconstrained by dispatcher,0xffff,default/unrestricted branch,"GetLibMetaInfo record type 0x05, NetFn 0x32",/Volumes/xxx/src/me/git/zbmc/work/advantech-asmb787/unpacked/fw-filesystems/rootfs/usr/local/lib/libipmiamioeminventory.so.13.0.0 .dynsym/g_Inventory_CmdHndlr + relocation at 0x00000d64,cb7cade868834ffaa8bb75d1696892fe1f9f3cdd694f7572c8650de3df4a2fa4,high for registration/identity/layout; payload schema not implied,"runtime registered: exact feature token present; loader enable, dependencies, exported table, and table merge proved",selector;set_selector;block_selector;data,cc,exact ASMB-787 handler decompilation,target-proven,mutates
0x32,0x5b,,no selector in first-level dispatch; handler payload selectors unknown unless separately documented,AMIGetInvenoryInfo,libipmiamioeminventory.so.13.0.0,g_Inventory_CmdHndlr,plugin,0x00000d50,0x00000d50,0x02,User,0x03,exactly 3 request payload bytes,0xffff,default/unrestricted branch,"GetLibMetaInfo record type 0x05, NetFn 0x32",/Volumes/xxx/src/me/git/zbmc/work/advantech-asmb787/unpacked/fw-filesystems/rootfs/usr/local/lib/libipmiamioeminventory.so.13.0.0 .dynsym/g_Inventory_CmdHndlr + relocation at 0x00000d54,cb7cade868834ffaa8bb75d1696892fe1f9f3cdd694f7572c8650de3df4a2fa4,high for registration/identity/layout; payload schema not implied,"runtime registered: exact feature token present; loader enable, dependencies, exported table, and table merge proved",selector;set_selector;block_selector,cc;selector-dependent inventory bytes,exact ASMB-787 handler decompilation,target-proven,safe
0x32,0x5c,,no selector in first-level dispatch; handler payload selectors unknown unless separately documented,AMIRESTinterface,libipmiamioemrestiface.so.13.4.0,g_RESTInterface_CmdHndlr,plugin,0x00003b8c,0x00003b8c,0x04,Administrator,0xff,variable/unconstrained by dispatcher,0x00ff,interface selector 0x00ff (default-supported branch),"GetLibMetaInfo record type 0x05, NetFn 0x32",/Volumes/xxx/src/me/git/zbmc/work/advantech-asmb787/unpacked/fw-filesystems/rootfs/usr/local/lib/libipmiamioemrestiface.so.13.4.0 .dynsym/g_RESTInterface_CmdHndlr + relocation at 0x00003b90,d946d007917baeb820db977522f8322b16b68e0e141255fe7cb06e694d4ad21a,high for registration/identity/layout; payload schema not implied,"runtime registered: exact feature token present; loader enable, dependencies, exported table, and table merge proved",flags bit0;txid;total_u32le;chunk_u16le;checksum_u32le;data; flags=00;txid;total_u32le;chunk_u16le;checksum_u32le;data; flags bit1;txid;total_u32le;chunk_u16le;checksum_u32le;data; flags bit2;txid;total_u32le;chunk_u16le;checksum_u32le;data; flags=08;txid;zero header remainder; flags bit4;txid;zero header remainder; flags=03;remaining header zero,cc;flags;txid;total_u32le;chunk_u16le;checksum_u32le;data; cc;flags;txid;zeroes; cc;flags=03;txid=0;max_chunk_u32le=16384;zeroes,exact ASMB-787 handler decompilation,target-proven,security-sensitive
0x32,0x5d,,no selector in first-level dispatch; handler payload selectors unknown unless separately documented,AMIGeneratePassword,libipmiamioemrestiface.so.13.4.0,g_RESTInterface_CmdHndlr,plugin,0x00003b8c,0x00003b9c,0x81,special/raw 0x81,0xff,variable/unconstrained by dispatcher,0xffff,default/unrestricted branch,"GetLibMetaInfo record type 0x05, NetFn 0x32",/Volumes/xxx/src/me/git/zbmc/work/advantech-asmb787/unpacked/fw-filesystems/rootfs/usr/local/lib/libipmiamioemrestiface.so.13.4.0 .dynsym/g_RESTInterface_CmdHndlr + relocation at 0x00003ba0,d946d007917baeb820db977522f8322b16b68e0e141255fe7cb06e694d4ad21a,high for registration/identity/layout; payload schema not implied,"runtime registered: exact feature token present; loader enable, dependencies, exported table, and table merge proved",operation=1; operation=2; operation=4; operation=8,cc;username_len;password_len;username;password; cc,exact ASMB-787 handler decompilation,target-proven,security-sensitive
0x32,0x60,,no selector in first-level dispatch; handler payload selectors unknown unless separately documented,AMIGetNMChNum,libipmimsghndlr.so.13.22.0,g_AMI_CmdHndlr,core,0x0009db24,0x0009dd54,0x02,User,0x00,exactly 0 request payload bytes,0xffff,default/unrestricted branch,static PDK registration array + g_AMI_CmdHndlr,/Volumes/xxx/src/me/git/zbmc/work/advantech-asmb787/unpacked/fw-filesystems/rootfs/usr/local/lib/libipmimsghndlr.so.13.22.0 .dynsym/g_AMI_CmdHndlr + relocation at 0x0009dd58,23e5b17be7125d100db9effea1772a57ee8ecd45da0569a5a331b8eb8d627539,high for registration/identity/layout; payload schema not implied,statically registered in owning dispatcher table,empty,cc;channel:u8,exact ASMB-787 handler decompilation,target-proven,safe
0x32,0x62,,no selector in first-level dispatch; handler payload selectors unknown unless separately documented,AMIGetEthIndex,libipmimsghndlr.so.13.22.0,g_AMI_CmdHndlr,core,0x0009db24,0x0009dd64,0x02,User,0x01,exactly 1 request payload bytes,0xffff,default/unrestricted branch,static PDK registration array + g_AMI_CmdHndlr,/Volumes/xxx/src/me/git/zbmc/work/advantech-asmb787/unpacked/fw-filesystems/rootfs/usr/local/lib/libipmimsghndlr.so.13.22.0 .dynsym/g_AMI_CmdHndlr + relocation at 0x0009dd68,23e5b17be7125d100db9effea1772a57ee8ecd45da0569a5a331b8eb8d627539,high for registration/identity/layout; payload schema not implied,statically registered in owning dispatcher table,channel:u8,cc;eth_index:u8,exact ASMB-787 handler decompilation,target-proven,safe
0x32,0x63,,no selector in first-level dispatch; handler payload selectors unknown unless separately documented,AMIGetEmailForUser,libipmimsghndlr.so.13.22.0,g_AMI_CmdHndlr,core,0x0009db24,0x0009dd94,0x02,User,0x01,exactly 1 request payload bytes,0xffff,default/unrestricted branch,static PDK registration array + g_AMI_CmdHndlr,/Volumes/xxx/src/me/git/zbmc/work/advantech-asmb787/unpacked/fw-filesystems/rootfs/usr/local/lib/libipmimsghndlr.so.13.22.0 .dynsym/g_AMI_CmdHndlr + relocation at 0x0009dd98,23e5b17be7125d100db9effea1772a57ee8ecd45da0569a5a331b8eb8d627539,high for registration/identity/layout; payload schema not implied,statically registered in owning dispatcher table,user_id:u8,cc;email:bytes[64],exact ASMB-787 handler decompilation,target-proven,safe
0x32,0x64,,no selector in first-level dispatch; handler payload selectors unknown unless separately documented,AMISetEmailForUser,libipmimsghndlr.so.13.22.0,g_AMI_CmdHndlr,core,0x0009db24,0x0009dda4,0x04,Administrator,0x41,exactly 65 request payload bytes,0xffff,default/unrestricted branch,static PDK registration array + g_AMI_CmdHndlr,/Volumes/xxx/src/me/git/zbmc/work/advantech-asmb787/unpacked/fw-filesystems/rootfs/usr/local/lib/libipmimsghndlr.so.13.22.0 .dynsym/g_AMI_CmdHndlr + relocation at 0x0009dda8,23e5b17be7125d100db9effea1772a57ee8ecd45da0569a5a331b8eb8d627539,high for registration/identity/layout; payload schema not implied,statically registered in owning dispatcher table,user_id:u8;email:bytes[64],cc,exact ASMB-787 handler decompilation,target-proven,mutates
0x32,0x65,,no selector in first-level dispatch; handler payload selectors unknown unless separately documented,AMIResetPassword,libipmimsghndlr.so.13.22.0,g_AMI_CmdHndlr,core,0x0009db24,0x0009ddd4,0x02,User,0xff,variable/unconstrained by dispatcher,0xffff,default/unrestricted branch,static PDK registration array + g_AMI_CmdHndlr,/Volumes/xxx/src/me/git/zbmc/work/advantech-asmb787/unpacked/fw-filesystems/rootfs/usr/local/lib/libipmimsghndlr.so.13.22.0 .dynsym/g_AMI_CmdHndlr + relocation at 0x0009ddd8,23e5b17be7125d100db9effea1772a57ee8ecd45da0569a5a331b8eb8d627539,high for registration/identity/layout; payload schema not implied,statically registered in owning dispatcher table,user_id:u8;password:bytes[1..],cc,exact ASMB-787 handler decompilation,target-proven,mutates
0x32,0x66,,no selector in first-level dispatch; handler payload selectors unknown unless separately documented,AMIRestoreDefaults,libipmimsghndlr.so.13.22.0,g_AMI_CmdHndlr,core,0x0009db24,0x0009dde4,0x04,Administrator,0x00,exactly 0 request payload bytes,0xffff,default/unrestricted branch,static PDK registration array + g_AMI_CmdHndlr,/Volumes/xxx/src/me/git/zbmc/work/advantech-asmb787/unpacked/fw-filesystems/rootfs/usr/local/lib/libipmimsghndlr.so.13.22.0 .dynsym/g_AMI_CmdHndlr + relocation at 0x0009dde8,23e5b17be7125d100db9effea1772a57ee8ecd45da0569a5a331b8eb8d627539,high for registration/identity/layout; payload schema not implied,statically registered in owning dispatcher table,empty,cc,exact ASMB-787 handler decompilation,target-proven,destructive
0x32,0x67,,no selector in first-level dispatch; handler payload selectors unknown unless separately documented,AMIGetLogConf,libipmimsghndlr.so.13.22.0,g_AMI_CmdHndlr,core,0x0009db24,0x0009ddf4,0x02,User,0x00,exactly 0 request payload bytes,0xffff,default/unrestricted branch,static PDK registration array + g_AMI_CmdHndlr,/Volumes/xxx/src/me/git/zbmc/work/advantech-asmb787/unpacked/fw-filesystems/rootfs/usr/local/lib/libipmimsghndlr.so.13.22.0 .dynsym/g_AMI_CmdHndlr + relocation at 0x0009ddf8,23e5b17be7125d100db9effea1772a57ee8ecd45da0569a5a331b8eb8d627539,high for registration/identity/layout; payload schema not implied,statically registered in owning dispatcher table,empty,cc;mode:u8;rotation/settings and one or two 65-byte syslog endpoint blocks,exact ASMB-787 handler decompilation,target-proven,safe
0x32,0x68,,no selector in first-level dispatch; handler payload selectors unknown unless separately documented,AMISetLogConf,libipmimsghndlr.so.13.22.0,g_AMI_CmdHndlr,core,0x0009db24,0x0009de04,0x04,Administrator,0xff,variable/unconstrained by dispatcher,0xffff,default/unrestricted branch,static PDK registration array + g_AMI_CmdHndlr,/Volumes/xxx/src/me/git/zbmc/work/advantech-asmb787/unpacked/fw-filesystems/rootfs/usr/local/lib/libipmimsghndlr.so.13.22.0 .dynsym/g_AMI_CmdHndlr + relocation at 0x0009de08,23e5b17be7125d100db9effea1772a57ee8ecd45da0569a5a331b8eb8d627539,high for registration/identity/layout; payload schema not implied,statically registered in owning dispatcher table,remote_enable:u8;local_enable:u8;server/port/protocol fields (variable),cc,exact ASMB-787 handler decompilation,target-proven,mutates
0x32,0x69,,no selector in first-level dispatch; handler payload selectors unknown unless separately documented,AMIGetServiceConf,libipmiamioemserviceconf.so.13.1.0,g_ServiceConf_CmdHndlr,plugin,0x00002d5c,0x00002d5c,0x02,User,0x04,exactly 4 request payload bytes,0x0000,default/unrestricted branch,"GetLibMetaInfo record type 0x05, NetFn 0x32",/Volumes/xxx/src/me/git/zbmc/work/advantech-asmb787/unpacked/fw-filesystems/rootfs/usr/local/lib/libipmiamioemserviceconf.so.13.1.0 .dynsym/g_ServiceConf_CmdHndlr + relocation at 0x00002d60,a62799d9a4788c8b4c60e5d7fea057ff44ba6a63bda26cfb50b313928dcc8af7,high for registration/identity/layout; payload schema not implied,"runtime registered: exact feature token present; loader enable, dependencies, exported table, and table merge proved",service_id_bit_u32le,cc;service_id_u32le;enabled;interface[17];nonsecure_port_u32le;secure_port_u32le;timeout_u32le;max_sessions;active_sessions;min_timeout_u32le;max_timeout_u32le,exact ASMB-787 handler decompilation,target-proven,safe
0x32,0x6a,,no selector in first-level dispatch; handler payload selectors unknown unless separately documented,AMISetServiceConf,libipmiamioemserviceconf.so.13.1.0,g_ServiceConf_CmdHndlr,plugin,0x00002d5c,0x00002d6c,0x04,Administrator,0x24,exactly 36 request payload bytes,0x0000,default/unrestricted branch,"GetLibMetaInfo record type 0x05, NetFn 0x32",/Volumes/xxx/src/me/git/zbmc/work/advantech-asmb787/unpacked/fw-filesystems/rootfs/usr/local/lib/libipmiamioemserviceconf.so.13.1.0 .dynsym/g_ServiceConf_CmdHndlr + relocation at 0x00002d70,a62799d9a4788c8b4c60e5d7fea057ff44ba6a63bda26cfb50b313928dcc8af7,high for registration/identity/layout; payload schema not implied,"runtime registered: exact feature token present; loader enable, dependencies, exported table, and table merge proved",service_id_bit_u32le;enabled;interface[17];nonsecure_port_u32le;secure_port_u32le;timeout_u32le;max_sessions;current_sessions,cc,exact ASMB-787 handler decompilation,target-proven,security-sensitive
0x32,0x6b,,no selector in first-level dispatch; handler payload selectors unknown unless separately documented,AMIGetDNSConf,libipmimsghndlr.so.13.22.0,g_AMI_CmdHndlr,core,0x0009db24,0x0009de44,0x02,User,0x02,exactly 2 request payload bytes,0x0000,default/unrestricted branch,static PDK registration array + g_AMI_CmdHndlr,/Volumes/xxx/src/me/git/zbmc/work/advantech-asmb787/unpacked/fw-filesystems/rootfs/usr/local/lib/libipmimsghndlr.so.13.22.0 .dynsym/g_AMI_CmdHndlr + relocation at 0x0009de48,23e5b17be7125d100db9effea1772a57ee8ecd45da0569a5a331b8eb8d627539,high for registration/identity/layout; payload schema not implied,statically registered in owning dispatcher table,param:u8;block:u8,cc;DNSConf union selected by param,exact ASMB-787 handler decompilation,target-proven,safe
0x32,0x6c,,no selector in first-level dispatch; handler payload selectors unknown unless separately documented,AMISetDNSConf,libipmimsghndlr.so.13.22.0,g_AMI_CmdHndlr,core,0x0009db24,0x0009de54,0x04,Administrator,0xff,variable/unconstrained by dispatcher,0x0000,default/unrestricted branch,static PDK registration array + g_AMI_CmdHndlr,/Volumes/xxx/src/me/git/zbmc/work/advantech-asmb787/unpacked/fw-filesystems/rootfs/usr/local/lib/libipmimsghndlr.so.13.22.0 .dynsym/g_AMI_CmdHndlr + relocation at 0x0009de58,23e5b17be7125d100db9effea1772a57ee8ecd45da0569a5a331b8eb8d627539,high for registration/identity/layout; payload schema not implied,statically registered in owning dispatcher table,param:u8;block:u8;DNSConf union selected by param,cc,exact ASMB-787 handler decompilation,target-proven,mutates
0x32,0x70,,no selector in first-level dispatch; handler payload selectors unknown unless separately documented,AMILinkDownResilent,libipmimsghndlr.so.13.22.0,g_AMI_CmdHndlr,core,0x0009db24,0x0009de34,0x04,Administrator,0x01,exactly 1 request payload bytes,0x0000,default/unrestricted branch,static PDK registration array + g_AMI_CmdHndlr,/Volumes/xxx/src/me/git/zbmc/work/advantech-asmb787/unpacked/fw-filesystems/rootfs/usr/local/lib/libipmimsghndlr.so.13.22.0 .dynsym/g_AMI_CmdHndlr + relocation at 0x0009de38,23e5b17be7125d100db9effea1772a57ee8ecd45da0569a5a331b8eb8d627539,high for registration/identity/layout; payload schema not implied,statically registered in owning dispatcher table,enable:u8,cc;enabled:u8,exact ASMB-787 handler decompilation,target-proven,mutates
0x32,0x71,,no selector in first-level dispatch; handler payload selectors unknown unless separately documented,AMISetIfaceState,libipmimsghndlr.so.13.22.0,g_AMI_CmdHndlr,core,0x0009db24,0x0009de74,0x04,Administrator,0xff,variable/unconstrained by dispatcher,0x0000,default/unrestricted branch,static PDK registration array + g_AMI_CmdHndlr,/Volumes/xxx/src/me/git/zbmc/work/advantech-asmb787/unpacked/fw-filesystems/rootfs/usr/local/lib/libipmimsghndlr.so.13.22.0 .dynsym/g_AMI_CmdHndlr + relocation at 0x0009de78,23e5b17be7125d100db9effea1772a57ee8ecd45da0569a5a331b8eb8d627539,high for registration/identity/layout; payload schema not implied,statically registered in owning dispatcher table,param:u8;IfaceConfig union selected by param,cc,exact ASMB-787 handler decompilation,target-proven,mutates
0x32,0x72,,no selector in first-level dispatch; handler payload selectors unknown unless separately documented,AMIGetIfaceState,libipmimsghndlr.so.13.22.0,g_AMI_CmdHndlr,core,0x0009db24,0x0009de64,0x03,Operator,0x03,exactly 3 request payload bytes,0x0000,default/unrestricted branch,static PDK registration array + g_AMI_CmdHndlr,/Volumes/xxx/src/me/git/zbmc/work/advantech-asmb787/unpacked/fw-filesystems/rootfs/usr/local/lib/libipmimsghndlr.so.13.22.0 .dynsym/g_AMI_CmdHndlr + relocation at 0x0009de68,23e5b17be7125d100db9effea1772a57ee8ecd45da0569a5a331b8eb8d627539,high for registration/identity/layout; payload schema not implied,statically registered in owning dispatcher table,param:u8;set_selector:u8;block_selector:u8,cc;IfaceConfig union selected by param,exact ASMB-787 handler decompilation,target-proven,safe
0x32,0x73,,no selector in first-level dispatch; handler payload selectors unknown unless separately documented,AMIGetBiosCode,libipmiamioembioscode.so.13.1.0,g_GetBIOSCode_CmdHndlr,plugin,0x000008e0,0x000008e0,0x02,User,0x01,exactly 1 request payload bytes,0xffff,default/unrestricted branch,"GetLibMetaInfo record type 0x05, NetFn 0x32",/Volumes/xxx/src/me/git/zbmc/work/advantech-asmb787/unpacked/fw-filesystems/rootfs/usr/local/lib/libipmiamioembioscode.so.13.1.0 .dynsym/g_GetBIOSCode_CmdHndlr + relocation at 0x000008e4,c8848fd18f87107f68281837370e9979a91068d058a821d90d9e6cdff7938e9a,high for registration/identity/layout; payload schema not implied,"runtime registered: exact feature token present; loader enable, dependencies, exported table, and table merge proved",selector,"cc;bios_code[0:min(size,256)]; cc;bios_code[256:size]; cc;size_u32le",exact ASMB-787 handler decompilation,target-proven,safe
0x32,0x76,,no selector in first-level dispatch; handler payload selectors unknown unless separately documented,AMISetFirewall,libipmiamioemfirewall.so.13.0.0,g_Firewall_CmdHndlr,plugin,0x00001870,0x00001880,0x04,Administrator,0xff,variable/unconstrained by dispatcher,0x0000,default/unrestricted branch,"GetLibMetaInfo record type 0x05, NetFn 0x32",/Volumes/xxx/src/me/git/zbmc/work/advantech-asmb787/unpacked/fw-filesystems/rootfs/usr/local/lib/libipmiamioemfirewall.so.13.0.0 .dynsym/g_Firewall_CmdHndlr + relocation at 0x00001884,5f0a2a7fde9fbe542ff948a4c516daeb29ce04349a395aa727aac3bdfca858cc,high for registration/identity/layout; payload schema not implied,"runtime registered: exact feature token present; loader enable, dependencies, exported table, and table merge proved",selector;enable_or_action;selector-dependent rule,cc,exact ASMB-787 handler decompilation,target-proven,security-sensitive
0x32,0x77,,no selector in first-level dispatch; handler payload selectors unknown unless separately documented,AMIGetFirewall,libipmiamioemfirewall.so.13.0.0,g_Firewall_CmdHndlr,plugin,0x00001870,0x00001870,0x02,User,0xff,variable/unconstrained by dispatcher,0x0000,default/unrestricted branch,"GetLibMetaInfo record type 0x05, NetFn 0x32",/Volumes/xxx/src/me/git/zbmc/work/advantech-asmb787/unpacked/fw-filesystems/rootfs/usr/local/lib/libipmiamioemfirewall.so.13.0.0 .dynsym/g_Firewall_CmdHndlr + relocation at 0x00001874,5f0a2a7fde9fbe542ff948a4c516daeb29ce04349a395aa727aac3bdfca858cc,high for registration/identity/layout; payload schema not implied,"runtime registered: exact feature token present; loader enable, dependencies, exported table, and table merge proved",selector[;entry_no],cc;selector-dependent value,exact ASMB-787 handler decompilation,target-proven,security-sensitive
0x32,0x78,,no selector in first-level dispatch; handler payload selectors unknown unless separately documented,SetSMTPConfigParams,libipmimsghndlr.so.13.22.0,g_AMI_CmdHndlr,core,0x0009db24,0x0009dd74,0x04,Administrator,0xff,variable/unconstrained by dispatcher,0xffff,default/unrestricted branch,static PDK registration array + g_AMI_CmdHndlr,/Volumes/xxx/src/me/git/zbmc/work/advantech-asmb787/unpacked/fw-filesystems/rootfs/usr/local/lib/libipmimsghndlr.so.13.22.0 .dynsym/g_AMI_CmdHndlr + relocation at 0x0009dd78,23e5b17be7125d100db9effea1772a57ee8ecd45da0569a5a331b8eb8d627539,high for registration/identity/layout; payload schema not implied,statically registered in owning dispatcher table,channel:u8;parameter:u8;set_selector:u8;block_selector:u8;config block,cc,exact ASMB-787 handler decompilation,target-proven,mutates
0x32,0x79,,no selector in first-level dispatch; handler payload selectors unknown unless separately documented,GetSMTPConfigParams,libipmimsghndlr.so.13.22.0,g_AMI_CmdHndlr,core,0x0009db24,0x0009dd84,0x02,User,0x04,exactly 4 request payload bytes,0xffff,default/unrestricted branch,static PDK registration array + g_AMI_CmdHndlr,/Volumes/xxx/src/me/git/zbmc/work/advantech-asmb787/unpacked/fw-filesystems/rootfs/usr/local/lib/libipmimsghndlr.so.13.22.0 .dynsym/g_AMI_CmdHndlr + relocation at 0x0009dd88,23e5b17be7125d100db9effea1772a57ee8ecd45da0569a5a331b8eb8d627539,high for registration/identity/layout; payload schema not implied,statically registered in owning dispatcher table,channel:u8;parameter:u8;set_selector:u8;block_selector:u8,cc;config block,exact ASMB-787 handler decompilation,target-proven,safe
0x32,0x7a,,no selector in first-level dispatch; handler payload selectors unknown unless separately documented,AMISetPamOrder,libipmiamioempamreorder.so.13.1.0,g_PAMReorder_CmdHndlr,plugin,0x000021ac,0x000021ac,0x04,Administrator,0xff,variable/unconstrained by dispatcher,0xffff,default/unrestricted branch,"GetLibMetaInfo record type 0x05, NetFn 0x32",/Volumes/xxx/src/me/git/zbmc/work/advantech-asmb787/unpacked/fw-filesystems/rootfs/usr/local/lib/libipmiamioempamreorder.so.13.1.0 .dynsym/g_PAMReorder_CmdHndlr + relocation at 0x000021b0,c00a49b406d699a9da3a024f9d20bf185d0bcb2517063ef3d7f5a682404ec82e,high for registration/identity/layout; payload schema not implied,"runtime registered: exact feature token present; loader enable, dependencies, exported table, and table merge proved",module_sequence[GetPamCount];zero-pad-to-4,cc,exact ASMB-787 handler decompilation,target-proven,security-sensitive
0x32,0x7b,,no selector in first-level dispatch; handler payload selectors unknown unless separately documented,AMIGetPamOrder,libipmiamioempamreorder.so.13.1.0,g_PAMReorder_CmdHndlr,plugin,0x000021ac,0x000021bc,0x02,User,0x00,exactly 0 request payload bytes,0xffff,default/unrestricted branch,"GetLibMetaInfo record type 0x05, NetFn 0x32",/Volumes/xxx/src/me/git/zbmc/work/advantech-asmb787/unpacked/fw-filesystems/rootfs/usr/local/lib/libipmiamioempamreorder.so.13.1.0 .dynsym/g_PAMReorder_CmdHndlr + relocation at 0x000021c0,c00a49b406d699a9da3a024f9d20bf185d0bcb2517063ef3d7f5a682404ec82e,high for registration/identity/layout; payload schema not implied,"runtime registered: exact feature token present; loader enable, dependencies, exported table, and table merge proved",empty,cc;module_sequence[GetPamCount],exact ASMB-787 handler decompilation,target-proven,safe
0x32,0x7c,,no selector in first-level dispatch; handler payload selectors unknown unless separately documented,AMIGetSNMPConf,libipmiamioemsnmp.so.13.0.0,g_SNMP_CmdHndlr,plugin,0x000011f0,0x000011f0,0x02,User,0x01,exactly 1 request payload bytes,0x0000,default/unrestricted branch,"GetLibMetaInfo record type 0x05, NetFn 0x32",/Volumes/xxx/src/me/git/zbmc/work/advantech-asmb787/unpacked/fw-filesystems/rootfs/usr/local/lib/libipmiamioemsnmp.so.13.0.0 .dynsym/g_SNMP_CmdHndlr + relocation at 0x000011f4,6f7f217e35ea69304decc2c874fd970ea0d01e79a05aff480e386a6b8fce600b,high for registration/identity/layout; payload schema not implied,"runtime registered: exact feature token present; loader enable, dependencies, exported table, and table merge proved",user_id,cc;user_id;enabled;access_type;auth_type;privacy_type,exact ASMB-787 handler decompilation,target-proven,safe
0x32,0x7d,,no selector in first-level dispatch; handler payload selectors unknown unless separately documented,AMISetSNMPConf,libipmiamioemsnmp.so.13.0.0,g_SNMP_CmdHndlr,plugin,0x000011f0,0x00001200,0x04,Administrator,0x05,exactly 5 request payload bytes,0x0000,default/unrestricted branch,"GetLibMetaInfo record type 0x05, NetFn 0x32",/Volumes/xxx/src/me/git/zbmc/work/advantech-asmb787/unpacked/fw-filesystems/rootfs/usr/local/lib/libipmiamioemsnmp.so.13.0.0 .dynsym/g_SNMP_CmdHndlr + relocation at 0x00001204,6f7f217e35ea69304decc2c874fd970ea0d01e79a05aff480e386a6b8fce600b,high for registration/identity/layout; payload schema not implied,"runtime registered: exact feature token present; loader enable, dependencies, exported table, and table merge proved",user_id;enabled;access_type;auth_type;privacy_type,cc,exact ASMB-787 handler decompilation,target-proven,security-sensitive
0x32,0x7e,,no selector in first-level dispatch; handler payload selectors unknown unless separately documented,AMIGetSELPolicy,libipmimsghndlr.so.13.22.0,g_AMI_CmdHndlr,core,0x0009db24,0x0009df44,0x02,User,0x00,exactly 0 request payload bytes,0xffff,default/unrestricted branch,static PDK registration array + g_AMI_CmdHndlr,/Volumes/xxx/src/me/git/zbmc/work/advantech-asmb787/unpacked/fw-filesystems/rootfs/usr/local/lib/libipmimsghndlr.so.13.22.0 .dynsym/g_AMI_CmdHndlr + relocation at 0x0009df48,23e5b17be7125d100db9effea1772a57ee8ecd45da0569a5a331b8eb8d627539,high for registration/identity/layout; payload schema not implied,statically registered in owning dispatcher table,empty,cc;sel_policy:u8,exact ASMB-787 handler decompilation,target-proven,safe
0x32,0x7f,,no selector in first-level dispatch; handler payload selectors unknown unless separately documented,AMISetSELPolicy,libipmimsghndlr.so.13.22.0,g_AMI_CmdHndlr,core,0x0009db24,0x0009df54,0x04,Administrator,0x01,exactly 1 request payload bytes,0xffff,default/unrestricted branch,static PDK registration array + g_AMI_CmdHndlr,/Volumes/xxx/src/me/git/zbmc/work/advantech-asmb787/unpacked/fw-filesystems/rootfs/usr/local/lib/libipmimsghndlr.so.13.22.0 .dynsym/g_AMI_CmdHndlr + relocation at 0x0009df58,23e5b17be7125d100db9effea1772a57ee8ecd45da0569a5a331b8eb8d627539,high for registration/identity/layout; payload schema not implied,statically registered in owning dispatcher table,sel_policy:u8,cc,exact ASMB-787 handler decompilation,target-proven,mutates
0x32,0x80,,no selector in first-level dispatch; handler payload selectors unknown unless separately documented,AMIGetFruDetails,libipmimsghndlr.so.13.22.0,g_AMI_CmdHndlr,core,0x0009db24,0x0009de84,0x02,User,0x01,exactly 1 request payload bytes,0x0000,default/unrestricted branch,static PDK registration array + g_AMI_CmdHndlr,/Volumes/xxx/src/me/git/zbmc/work/advantech-asmb787/unpacked/fw-filesystems/rootfs/usr/local/lib/libipmimsghndlr.so.13.22.0 .dynsym/g_AMI_CmdHndlr + relocation at 0x0009de88,23e5b17be7125d100db9effea1772a57ee8ecd45da0569a5a331b8eb8d627539,high for registration/identity/layout; payload schema not implied,statically registered in owning dispatcher table,fru_index:u8,cc;total_fru:u8;device_no:u8;name:bytes[16],exact ASMB-787 handler decompilation,target-proven,safe
0x32,0x81,,no selector in first-level dispatch; handler payload selectors unknown unless separately documented,AMIGetEmailFormatUser,libipmimsghndlr.so.13.22.0,g_AMI_CmdHndlr,core,0x0009db24,0x0009ddb4,0x02,User,0x01,exactly 1 request payload bytes,0xffff,default/unrestricted branch,static PDK registration array + g_AMI_CmdHndlr,/Volumes/xxx/src/me/git/zbmc/work/advantech-asmb787/unpacked/fw-filesystems/rootfs/usr/local/lib/libipmimsghndlr.so.13.22.0 .dynsym/g_AMI_CmdHndlr + relocation at 0x0009ddb8,23e5b17be7125d100db9effea1772a57ee8ecd45da0569a5a331b8eb8d627539,high for registration/identity/layout; payload schema not implied,statically registered in owning dispatcher table,user_id:u8,cc;email_format:bytes[64],exact ASMB-787 handler decompilation,target-proven,safe
0x32,0x82,,no selector in first-level dispatch; handler payload selectors unknown unless separately documented,AMISetEmailFormatUser,libipmimsghndlr.so.13.22.0,g_AMI_CmdHndlr,core,0x0009db24,0x0009ddc4,0x04,Administrator,0x41,exactly 65 request payload bytes,0xffff,default/unrestricted branch,static PDK registration array + g_AMI_CmdHndlr,/Volumes/xxx/src/me/git/zbmc/work/advantech-asmb787/unpacked/fw-filesystems/rootfs/usr/local/lib/libipmimsghndlr.so.13.22.0 .dynsym/g_AMI_CmdHndlr + relocation at 0x0009ddc8,23e5b17be7125d100db9effea1772a57ee8ecd45da0569a5a331b8eb8d627539,high for registration/identity/layout; payload schema not implied,statically registered in owning dispatcher table,user_id:u8;email_format:bytes[64],cc,exact ASMB-787 handler decompilation,target-proven,mutates
0x32,0x83,,no selector in first-level dispatch; handler payload selectors unknown unless separately documented,AMISetPreserveConfStatus,libipmiamioemprsvconf.so.13.0.0,g_prsvconf_CmdHndlr,plugin,0x00000c18,0x00000c18,0x04,Administrator,0x02,exactly 2 request payload bytes,0xffff,default/unrestricted branch,"GetLibMetaInfo record type 0x05, NetFn 0x32",/Volumes/xxx/src/me/git/zbmc/work/advantech-asmb787/unpacked/fw-filesystems/rootfs/usr/local/lib/libipmiamioemprsvconf.so.13.0.0 .dynsym/g_prsvconf_CmdHndlr + relocation at 0x00000c1c,82657f8c973c35832722a5a7dac246bedfb7ccb6708fab2dfb1837fbfe5761a2,high for registration/identity/layout; payload schema not implied,"runtime registered: exact feature token present; loader enable, dependencies, exported table, and table merge proved",selector;enabled,cc,exact ASMB-787 handler decompilation,target-proven,mutates
0x32,0x84,,no selector in first-level dispatch; handler payload selectors unknown unless separately documented,AMIGetPreserveConfStatus,libipmiamioemprsvconf.so.13.0.0,g_prsvconf_CmdHndlr,plugin,0x00000c18,0x00000c28,0x02,User,0x01,exactly 1 request payload bytes,0xffff,default/unrestricted branch,"GetLibMetaInfo record type 0x05, NetFn 0x32",/Volumes/xxx/src/me/git/zbmc/work/advantech-asmb787/unpacked/fw-filesystems/rootfs/usr/local/lib/libipmiamioemprsvconf.so.13.0.0 .dynsym/g_prsvconf_CmdHndlr + relocation at 0x00000c2c,82657f8c973c35832722a5a7dac246bedfb7ccb6708fab2dfb1837fbfe5761a2,high for registration/identity/layout; payload schema not implied,"runtime registered: exact feature token present; loader enable, dependencies, exported table, and table merge proved",selector,cc;enabled,exact ASMB-787 handler decompilation,target-proven,safe
0x32,0x85,,no selector in first-level dispatch; handler payload selectors unknown unless separately documented,AMIGetSELEntires,libipmimsghndlr.so.13.22.0,g_AMI_CmdHndlr,core,0x0009db24,0x0009df64,0x02,User,0x04,exactly 4 request payload bytes,0xffff,default/unrestricted branch,static PDK registration array + g_AMI_CmdHndlr,/Volumes/xxx/src/me/git/zbmc/work/advantech-asmb787/unpacked/fw-filesystems/rootfs/usr/local/lib/libipmimsghndlr.so.13.22.0 .dynsym/g_AMI_CmdHndlr + relocation at 0x0009df68,23e5b17be7125d100db9effea1772a57ee8ecd45da0569a5a331b8eb8d627539,high for registration/identity/layout; payload schema not implied,statically registered in owning dispatcher table,start_index:u32le,cc;count:u32le;last_record_id:u16le;status:u8;sel_records:bytes[18*count],exact ASMB-787 handler decompilation,target-proven,safe
0x32,0x86,,no selector in first-level dispatch; handler payload selectors unknown unless separately documented,AMIGetSenforInfo,libipmimsghndlr.so.13.22.0,g_AMI_CmdHndlr,core,0x0009db24,0x0009df74,0x02,User,0x00,exactly 0 request payload bytes,0xffff,default/unrestricted branch,static PDK registration array + g_AMI_CmdHndlr,/Volumes/xxx/src/me/git/zbmc/work/advantech-asmb787/unpacked/fw-filesystems/rootfs/usr/local/lib/libipmimsghndlr.so.13.22.0 .dynsym/g_AMI_CmdHndlr + relocation at 0x0009df78,23e5b17be7125d100db9effea1772a57ee8ecd45da0569a5a331b8eb8d627539,high for registration/identity/layout; payload schema not implied,statically registered in owning dispatcher table,empty,cc;sensor_count:u16le;sensor_info:variable records,exact ASMB-787 handler decompilation,target-proven,safe
0x32,0x87,,no selector in first-level dispatch; handler payload selectors unknown unless separately documented,AMIStartTFTPFwUpdate,libipmiamioemfwupdateprctl.so.13.0.0,g_FrmUpdatePrctl_CmdHndlr,plugin,0x000014d4,0x000014d4,0x04,Administrator,0x02,exactly 2 request payload bytes,0xffff,default/unrestricted branch,"GetLibMetaInfo record type 0x05, NetFn 0x32",/Volumes/xxx/src/me/git/zbmc/work/advantech-asmb787/unpacked/fw-filesystems/rootfs/usr/local/lib/libipmiamioemfwupdateprctl.so.13.0.0 .dynsym/g_FrmUpdatePrctl_CmdHndlr + relocation at 0x000014d8,4971282246494fab26245512c0e9497da5b3de0bdc1b78b7f90d33581e929bb6,high for registration/identity/layout; payload schema not implied,"runtime registered: exact feature token present; loader enable, dependencies, exported table, and table merge proved",preserve_cfg;reset_bmc_must_be_0,cc,exact ASMB-787 handler decompilation,target-proven,destructive
0x32,0x88,,no selector in first-level dispatch; handler payload selectors unknown unless separately documented,AMIGetTftpProgressStatus,libipmiamioemfwupdateprctl.so.13.0.0,g_FrmUpdatePrctl_CmdHndlr,plugin,0x000014d4,0x000014e4,0x04,Administrator,0x00,exactly 0 request payload bytes,0xffff,default/unrestricted branch,"GetLibMetaInfo record type 0x05, NetFn 0x32",/Volumes/xxx/src/me/git/zbmc/work/advantech-asmb787/unpacked/fw-filesystems/rootfs/usr/local/lib/libipmiamioemfwupdateprctl.so.13.0.0 .dynsym/g_FrmUpdatePrctl_CmdHndlr + relocation at 0x000014e8,4971282246494fab26245512c0e9497da5b3de0bdc1b78b7f90d33581e929bb6,high for registration/identity/layout; payload schema not implied,"runtime registered: exact feature token present; loader enable, dependencies, exported table, and table merge proved",empty,cc;progress;overall,exact ASMB-787 handler decompilation,target-proven,safe
0x32,0x89,,no selector in first-level dispatch; handler payload selectors unknown unless separately documented,AMISetFWCfg,libipmiamioemfwupdateprctl.so.13.0.0,g_FrmUpdatePrctl_CmdHndlr,plugin,0x000014d4,0x000014f4,0x04,Administrator,0xff,variable/unconstrained by dispatcher,0xffff,default/unrestricted branch,"GetLibMetaInfo record type 0x05, NetFn 0x32",/Volumes/xxx/src/me/git/zbmc/work/advantech-asmb787/unpacked/fw-filesystems/rootfs/usr/local/lib/libipmiamioemfwupdateprctl.so.13.0.0 .dynsym/g_FrmUpdatePrctl_CmdHndlr + relocation at 0x000014f8,4971282246494fab26245512c0e9497da5b3de0bdc1b78b7f90d33581e929bb6,high for registration/identity/layout; payload schema not implied,"runtime registered: exact feature token present; loader enable, dependencies, exported table, and table merge proved",selector;value,cc,exact ASMB-787 handler decompilation,target-proven,mutates
0x32,0x8a,,no selector in first-level dispatch; handler payload selectors unknown unless separately documented,AMIGetFWCfg,libipmiamioemfwupdateprctl.so.13.0.0,g_FrmUpdatePrctl_CmdHndlr,plugin,0x000014d4,0x00001504,0x04,Administrator,0x01,exactly 1 request payload bytes,0xffff,default/unrestricted branch,"GetLibMetaInfo record type 0x05, NetFn 0x32",/Volumes/xxx/src/me/git/zbmc/work/advantech-asmb787/unpacked/fw-filesystems/rootfs/usr/local/lib/libipmiamioemfwupdateprctl.so.13.0.0 .dynsym/g_FrmUpdatePrctl_CmdHndlr + relocation at 0x00001508,4971282246494fab26245512c0e9497da5b3de0bdc1b78b7f90d33581e929bb6,high for registration/identity/layout; payload schema not implied,"runtime registered: exact feature token present; loader enable, dependencies, exported table, and table merge proved",selector,cc;value,exact ASMB-787 handler decompilation,target-proven,safe
0x32,0x8b,,no selector in first-level dispatch; handler payload selectors unknown unless separately documented,AMISetFWProtocol,libipmiamioemfwupdateprctl.so.13.0.0,g_FrmUpdatePrctl_CmdHndlr,plugin,0x000014d4,0x00001514,0x04,Administrator,0x01,exactly 1 request payload bytes,0xffff,default/unrestricted branch,"GetLibMetaInfo record type 0x05, NetFn 0x32",/Volumes/xxx/src/me/git/zbmc/work/advantech-asmb787/unpacked/fw-filesystems/rootfs/usr/local/lib/libipmiamioemfwupdateprctl.so.13.0.0 .dynsym/g_FrmUpdatePrctl_CmdHndlr + relocation at 0x00001518,4971282246494fab26245512c0e9497da5b3de0bdc1b78b7f90d33581e929bb6,high for registration/identity/layout; payload schema not implied,"runtime registered: exact feature token present; loader enable, dependencies, exported table, and table merge proved",protocol,cc,exact ASMB-787 handler decompilation,target-proven,mutates
0x32,0x8c,,no selector in first-level dispatch; handler payload selectors unknown unless separately documented,AMIGetFWProtocol,libipmiamioemfwupdateprctl.so.13.0.0,g_FrmUpdatePrctl_CmdHndlr,plugin,0x000014d4,0x00001524,0x04,Administrator,0x00,exactly 0 request payload bytes,0xffff,default/unrestricted branch,"GetLibMetaInfo record type 0x05, NetFn 0x32",/Volumes/xxx/src/me/git/zbmc/work/advantech-asmb787/unpacked/fw-filesystems/rootfs/usr/local/lib/libipmiamioemfwupdateprctl.so.13.0.0 .dynsym/g_FrmUpdatePrctl_CmdHndlr + relocation at 0x00001528,4971282246494fab26245512c0e9497da5b3de0bdc1b78b7f90d33581e929bb6,high for registration/identity/layout; payload schema not implied,"runtime registered: exact feature token present; loader enable, dependencies, exported table, and table merge proved",empty,cc;protocol,exact ASMB-787 handler decompilation,target-proven,safe
0x32,0x8d,,no selector in first-level dispatch; handler payload selectors unknown unless separately documented,AMIGetIPMISessionTimeOut,libipmimsghndlr.so.13.22.0,g_AMI_CmdHndlr,core,0x0009db24,0x0009df84,0x02,User,0x00,exactly 0 request payload bytes,0xffff,default/unrestricted branch,static PDK registration array + g_AMI_CmdHndlr,/Volumes/xxx/src/me/git/zbmc/work/advantech-asmb787/unpacked/fw-filesystems/rootfs/usr/local/lib/libipmimsghndlr.so.13.22.0 .dynsym/g_AMI_CmdHndlr + relocation at 0x0009df88,23e5b17be7125d100db9effea1772a57ee8ecd45da0569a5a331b8eb8d627539,high for registration/identity/layout; payload schema not implied,statically registered in owning dispatcher table,empty,cc;ipmi_session_timeout:u8,exact ASMB-787 handler decompilation,target-proven,safe
0x32,0x8e,,no selector in first-level dispatch; handler payload selectors unknown unless separately documented,AMIGetUDSInfo,libipmimsghndlr.so.13.22.0,g_AMI_CmdHndlr,core,0x0009db24,0x0009df94,0x02,User,0x10,exactly 16 request payload bytes,0xffff,default/unrestricted branch,static PDK registration array + g_AMI_CmdHndlr,/Volumes/xxx/src/me/git/zbmc/work/advantech-asmb787/unpacked/fw-filesystems/rootfs/usr/local/lib/libipmimsghndlr.so.13.22.0 .dynsym/g_AMI_CmdHndlr + relocation at 0x0009df98,23e5b17be7125d100db9effea1772a57ee8ecd45da0569a5a331b8eb8d627539,high for registration/identity/layout; payload schema not implied,statically registered in owning dispatcher table,session_ip:bytes[16],cc;channel:u8;channel_type:u8;bmc_instance:u8,exact ASMB-787 handler decompilation,target-proven,safe
0x32,0x90,,no selector in first-level dispatch; handler payload selectors unknown unless separately documented,AMIGetRootUserAccess,libipmimsghndlr.so.13.22.0,g_AMI_CmdHndlr,core,0x0009db24,0x0009de94,0x03,Operator,0x00,exactly 0 request payload bytes,0xffff,default/unrestricted branch,static PDK registration array + g_AMI_CmdHndlr,/Volumes/xxx/src/me/git/zbmc/work/advantech-asmb787/unpacked/fw-filesystems/rootfs/usr/local/lib/libipmimsghndlr.so.13.22.0 .dynsym/g_AMI_CmdHndlr + relocation at 0x0009de98,23e5b17be7125d100db9effea1772a57ee8ecd45da0569a5a331b8eb8d627539,high for registration/identity/layout; payload schema not implied,statically registered in owning dispatcher table,empty,cc;root_access_state:u8,exact ASMB-787 handler decompilation,target-proven,safe
0x32,0x91,,no selector in first-level dispatch; handler payload selectors unknown unless separately documented,AMISetRootPassword,libipmimsghndlr.so.13.22.0,g_AMI_CmdHndlr,core,0x0009db24,0x0009dea4,0x04,Administrator,0xff,variable/unconstrained by dispatcher,0xffff,default/unrestricted branch,static PDK registration array + g_AMI_CmdHndlr,/Volumes/xxx/src/me/git/zbmc/work/advantech-asmb787/unpacked/fw-filesystems/rootfs/usr/local/lib/libipmimsghndlr.so.13.22.0 .dynsym/g_AMI_CmdHndlr + relocation at 0x0009dea8,23e5b17be7125d100db9effea1772a57ee8ecd45da0569a5a331b8eb8d627539,high for registration/identity/layout; payload schema not implied,statically registered in owning dispatcher table,operation:u8;password:NUL-terminated bytes,cc,exact ASMB-787 handler decompilation,target-proven,mutates
0x32,0x92,,no selector in first-level dispatch; handler payload selectors unknown unless separately documented,AMIGetUserShelltype,libipmimsghndlr.so.13.22.0,g_AMI_CmdHndlr,core,0x0009db24,0x0009deb4,0x03,Operator,0x01,exactly 1 request payload bytes,0xffff,default/unrestricted branch,static PDK registration array + g_AMI_CmdHndlr,/Volumes/xxx/src/me/git/zbmc/work/advantech-asmb787/unpacked/fw-filesystems/rootfs/usr/local/lib/libipmimsghndlr.so.13.22.0 .dynsym/g_AMI_CmdHndlr + relocation at 0x0009deb8,23e5b17be7125d100db9effea1772a57ee8ecd45da0569a5a331b8eb8d627539,high for registration/identity/layout; payload schema not implied,statically registered in owning dispatcher table,user_id:u8,cc;shell_type:u8,exact ASMB-787 handler decompilation,target-proven,safe
0x32,0x93,,no selector in first-level dispatch; handler payload selectors unknown unless separately documented,AMISetUserShelltype,libipmimsghndlr.so.13.22.0,g_AMI_CmdHndlr,core,0x0009db24,0x0009dec4,0x04,Administrator,0x02,exactly 2 request payload bytes,0xffff,default/unrestricted branch,static PDK registration array + g_AMI_CmdHndlr,/Volumes/xxx/src/me/git/zbmc/work/advantech-asmb787/unpacked/fw-filesystems/rootfs/usr/local/lib/libipmimsghndlr.so.13.22.0 .dynsym/g_AMI_CmdHndlr + relocation at 0x0009dec8,23e5b17be7125d100db9effea1772a57ee8ecd45da0569a5a331b8eb8d627539,high for registration/identity/layout; payload schema not implied,statically registered in owning dispatcher table,user_id:u8;shell_type:u8,cc,exact ASMB-787 handler decompilation,target-proven,mutates
0x32,0x94,,no selector in first-level dispatch; handler payload selectors unknown unless separately documented,AMISetTriggerEvent,libipmimsghndlr.so.13.22.0,g_AMI_CmdHndlr,core,0x0009db24,0x0009ded4,0x04,Administrator,0xff,variable/unconstrained by dispatcher,0xffff,default/unrestricted branch,static PDK registration array + g_AMI_CmdHndlr,/Volumes/xxx/src/me/git/zbmc/work/advantech-asmb787/unpacked/fw-filesystems/rootfs/usr/local/lib/libipmimsghndlr.so.13.22.0 .dynsym/g_AMI_CmdHndlr + relocation at 0x0009ded8,23e5b17be7125d100db9effea1772a57ee8ecd45da0569a5a331b8eb8d627539,high for registration/identity/layout; payload schema not implied,statically registered in owning dispatcher table,trigger_param:u8;enable:u8;time:u32le,cc,exact ASMB-787 handler decompilation,target-proven,mutates
0x32,0x95,,no selector in first-level dispatch; handler payload selectors unknown unless separately documented,AMIGetTriggerEvent,libipmimsghndlr.so.13.22.0,g_AMI_CmdHndlr,core,0x0009db24,0x0009dee4,0x03,Operator,0x01,exactly 1 request payload bytes,0xffff,default/unrestricted branch,static PDK registration array + g_AMI_CmdHndlr,/Volumes/xxx/src/me/git/zbmc/work/advantech-asmb787/unpacked/fw-filesystems/rootfs/usr/local/lib/libipmimsghndlr.so.13.22.0 .dynsym/g_AMI_CmdHndlr + relocation at 0x0009dee8,23e5b17be7125d100db9effea1772a57ee8ecd45da0569a5a331b8eb8d627539,high for registration/identity/layout; payload schema not implied,statically registered in owning dispatcher table,trigger_param:u8,cc;enabled:u8;time:u32le when applicable,exact ASMB-787 handler decompilation,target-proven,safe
0x32,0x96,,no selector in first-level dispatch; handler payload selectors unknown unless separately documented,AMIGetSolConf,libipmimsghndlr.so.13.22.0,g_AMI_CmdHndlr,core,0x0009db24,0x0009def4,0x02,User,0x00,exactly 0 request payload bytes,0xffff,default/unrestricted branch,static PDK registration array + g_AMI_CmdHndlr,/Volumes/xxx/src/me/git/zbmc/work/advantech-asmb787/unpacked/fw-filesystems/rootfs/usr/local/lib/libipmimsghndlr.so.13.22.0 .dynsym/g_AMI_CmdHndlr + relocation at 0x0009def8,23e5b17be7125d100db9effea1772a57ee8ecd45da0569a5a331b8eb8d627539,high for registration/identity/layout; payload schema not implied,statically registered in owning dispatcher table,empty,cc;sol_timeout:u8;sol_port:bytes[16],exact ASMB-787 handler decompilation,target-proven,safe
0x32,0x97,,no selector in first-level dispatch; handler payload selectors unknown unless separately documented,AMISetLoginAuditConfig,libipmimsghndlr.so.13.22.0,g_AMI_CmdHndlr,core,0x0009db24,0x0009df04,0x04,Administrator,0x05,exactly 5 request payload bytes,0xffff,default/unrestricted branch,static PDK registration array + g_AMI_CmdHndlr,/Volumes/xxx/src/me/git/zbmc/work/advantech-asmb787/unpacked/fw-filesystems/rootfs/usr/local/lib/libipmimsghndlr.so.13.22.0 .dynsym/g_AMI_CmdHndlr + relocation at 0x0009df08,23e5b17be7125d100db9effea1772a57ee8ecd45da0569a5a331b8eb8d627539,high for registration/identity/layout; payload schema not implied,statically registered in owning dispatcher table,web:u8;ipmi:u8;telnet:u8;ssh:u8;kvm:u8,cc,exact ASMB-787 handler decompilation,target-proven,mutates
0x32,0x98,,no selector in first-level dispatch; handler payload selectors unknown unless separately documented,AMIGetLoginAuditConfig,libipmimsghndlr.so.13.22.0,g_AMI_CmdHndlr,core,0x0009db24,0x0009df14,0x02,User,0x00,exactly 0 request payload bytes,0xffff,default/unrestricted branch,static PDK registration array + g_AMI_CmdHndlr,/Volumes/xxx/src/me/git/zbmc/work/advantech-asmb787/unpacked/fw-filesystems/rootfs/usr/local/lib/libipmimsghndlr.so.13.22.0 .dynsym/g_AMI_CmdHndlr + relocation at 0x0009df18,23e5b17be7125d100db9effea1772a57ee8ecd45da0569a5a331b8eb8d627539,high for registration/identity/layout; payload schema not implied,statically registered in owning dispatcher table,empty,cc;web:u8;ipmi:u8;telnet:u8;ssh:u8;kvm:u8,exact ASMB-787 handler decompilation,target-proven,safe
0x32,0x99,,no selector in first-level dispatch; handler payload selectors unknown unless separately documented,AMIGetAllIPv6Address,libipmimsghndlr.so.13.22.0,g_AMI_CmdHndlr,core,0x0009db24,0x0009df24,0x04,Administrator,0x03,exactly 3 request payload bytes,0xffff,default/unrestricted branch,static PDK registration array + g_AMI_CmdHndlr,/Volumes/xxx/src/me/git/zbmc/work/advantech-asmb787/unpacked/fw-filesystems/rootfs/usr/local/lib/libipmimsghndlr.so.13.22.0 .dynsym/g_AMI_CmdHndlr + relocation at 0x0009df28,23e5b17be7125d100db9effea1772a57ee8ecd45da0569a5a331b8eb8d627539,high for registration/identity/layout; payload schema not implied,statically registered in owning dispatcher table,channel:u8;index:u8;count:u8,cc;ipv6:bytes[16*count];prefix:u8[count],exact ASMB-787 handler decompilation,target-proven,safe
0x32,0x9a,,no selector in first-level dispatch; handler payload selectors unknown unless separately documented,AMIGetUDSSessionInfo,libipmimsghndlr.so.13.22.0,g_AMI_CmdHndlr,core,0x0009db24,0x0009dfa4,0x02,User,0xff,variable/unconstrained by dispatcher,0xffff,default/unrestricted branch,static PDK registration array + g_AMI_CmdHndlr,/Volumes/xxx/src/me/git/zbmc/work/advantech-asmb787/unpacked/fw-filesystems/rootfs/usr/local/lib/libipmimsghndlr.so.13.22.0 .dynsym/g_AMI_CmdHndlr + relocation at 0x0009dfa8,23e5b17be7125d100db9effea1772a57ee8ecd45da0569a5a331b8eb8d627539,high for registration/identity/layout; payload schema not implied,statically registered in owning dispatcher table,uds_param:u8;handle/id/index:bytes[0|4],cc;selector-specific UDS session data,exact ASMB-787 handler decompilation,target-proven,safe
0x32,0x9b,,no selector in first-level dispatch; handler payload selectors unknown unless separately documented,AMISetPwdEncryptionKey,libipmiamioempwdenc.so.13.0.0,g_PwdEnc_CmdHndlr,plugin,0x0000178c,0x0000178c,0x04,Administrator,0xff,variable/unconstrained by dispatcher,0xffff,default/unrestricted branch,"GetLibMetaInfo record type 0x05, NetFn 0x32",/Volumes/xxx/src/me/git/zbmc/work/advantech-asmb787/unpacked/fw-filesystems/rootfs/usr/local/lib/libipmiamioempwdenc.so.13.0.0 .dynsym/g_PwdEnc_CmdHndlr + relocation at 0x00001790,7071b262a2b6ff7ad075265019b1c8115ea110e9e557715b3c37f1561680b2ef,high for registration/identity/layout; payload schema not implied,"runtime registered: exact feature token present; loader enable, dependencies, exported table, and table merge proved",new_blowfish_key[1..56],cc,exact ASMB-787 handler decompilation,target-proven,security-sensitive
0x32,0x9c,,no selector in first-level dispatch; handler payload selectors unknown unless separately documented,AMISetUBootMemtest,libipmiamioemubootmemtest.so.13.0.0,g_Memtest_CmdHndlr,plugin,0x0000091c,0x0000091c,0x04,Administrator,0x01,exactly 1 request payload bytes,0xffff,default/unrestricted branch,"GetLibMetaInfo record type 0x05, NetFn 0x32",/Volumes/xxx/src/me/git/zbmc/work/advantech-asmb787/unpacked/fw-filesystems/rootfs/usr/local/lib/libipmiamioemubootmemtest.so.13.0.0 .dynsym/g_Memtest_CmdHndlr + relocation at 0x00000920,d323b32db44e08307ae12903cb7425c68164ae265d39cadfd8d4b722b2f234ab,high for registration/identity/layout; payload schema not implied,"runtime registered: exact feature token present; loader enable, dependencies, exported table, and table merge proved",enabled,cc,exact ASMB-787 handler decompilation,target-proven,mutates
0x32,0x9d,,no selector in first-level dispatch; handler payload selectors unknown unless separately documented,AMIGetUBootMemtestStatus,libipmiamioemubootmemtest.so.13.0.0,g_Memtest_CmdHndlr,plugin,0x0000091c,0x0000092c,0x04,Administrator,0x00,exactly 0 request payload bytes,0xffff,default/unrestricted branch,"GetLibMetaInfo record type 0x05, NetFn 0x32",/Volumes/xxx/src/me/git/zbmc/work/advantech-asmb787/unpacked/fw-filesystems/rootfs/usr/local/lib/libipmiamioemubootmemtest.so.13.0.0 .dynsym/g_Memtest_CmdHndlr + relocation at 0x00000930,d323b32db44e08307ae12903cb7425c68164ae265d39cadfd8d4b722b2f234ab,high for registration/identity/layout; payload schema not implied,"runtime registered: exact feature token present; loader enable, dependencies, exported table, and table merge proved",empty,"cc;memtest_status(0=other,1=done,2=running);enabled",exact ASMB-787 handler decompilation,target-proven,safe
0x32,0x9e,,no selector in first-level dispatch; handler payload selectors unknown unless separately documented,AMIGetRISConf,libipmiamioemris.so.13.0.0,g_RIS_CmdHndlr,plugin,0x00003128,0x00003128,0x02,User,0x02,exactly 2 request payload bytes,0xffff,default/unrestricted branch,"GetLibMetaInfo record type 0x05, NetFn 0x32",/Volumes/xxx/src/me/git/zbmc/work/advantech-asmb787/unpacked/fw-filesystems/rootfs/usr/local/lib/libipmiamioemris.so.13.0.0 .dynsym/g_RIS_CmdHndlr + relocation at 0x0000312c,d2c1214242afb3e65bba48de4c6db15d2f139ef96b59e744cc97ac09b7895847,high for registration/identity/layout; payload schema not implied,"runtime registered: exact feature token present; loader enable, dependencies, exported table, and table merge proved",media_mask(one bit);selector,cc;media_mask;selector;value,exact ASMB-787 handler decompilation,target-proven,safe
0x32,0x9f,,no selector in first-level dispatch; handler payload selectors unknown unless separately documented,AMISetRISConf,libipmiamioemris.so.13.0.0,g_RIS_CmdHndlr,plugin,0x00003128,0x00003138,0x04,Administrator,0xff,variable/unconstrained by dispatcher,0xffff,default/unrestricted branch,"GetLibMetaInfo record type 0x05, NetFn 0x32",/Volumes/xxx/src/me/git/zbmc/work/advantech-asmb787/unpacked/fw-filesystems/rootfs/usr/local/lib/libipmiamioemris.so.13.0.0 .dynsym/g_RIS_CmdHndlr + relocation at 0x0000313c,d2c1214242afb3e65bba48de4c6db15d2f139ef96b59e744cc97ac09b7895847,high for registration/identity/layout; payload schema not implied,"runtime registered: exact feature token present; loader enable, dependencies, exported table, and table merge proved",media_mask(one bit);selector;block_or_value;value,cc,exact ASMB-787 handler decompilation,target-proven,security-sensitive
0x32,0xa0,,no selector in first-level dispatch; handler payload selectors unknown unless separately documented,AMIRISStartStop,libipmiamioemris.so.13.0.0,g_RIS_CmdHndlr,plugin,0x00003128,0x00003148,0x04,Administrator,0x02,exactly 2 request payload bytes,0xffff,default/unrestricted branch,"GetLibMetaInfo record type 0x05, NetFn 0x32",/Volumes/xxx/src/me/git/zbmc/work/advantech-asmb787/unpacked/fw-filesystems/rootfs/usr/local/lib/libipmiamioemris.so.13.0.0 .dynsym/g_RIS_CmdHndlr + relocation at 0x0000314c,d2c1214242afb3e65bba48de4c6db15d2f139ef96b59e744cc97ac09b7895847,high for registration/identity/layout; payload schema not implied,"runtime registered: exact feature token present; loader enable, dependencies, exported table, and table merge proved",media_mask(one bit);state,cc,exact ASMB-787 handler decompilation,target-proven,mutates
0x32,0xa1,,no selector in first-level dispatch; handler payload selectors unknown unless separately documented,AMIControlDebugMsg,libipmiamioemctldbg.so.13.0.0,g_CtlDbg_CmdHndlr,plugin,0x000007fc,0x000007fc,0x04,Administrator,0x01,exactly 1 request payload bytes,0xffff,default/unrestricted branch,"GetLibMetaInfo record type 0x05, NetFn 0x32",/Volumes/xxx/src/me/git/zbmc/work/advantech-asmb787/unpacked/fw-filesystems/rootfs/usr/local/lib/libipmiamioemctldbg.so.13.0.0 .dynsym/g_CtlDbg_CmdHndlr + relocation at 0x00000800,805d81c7f81a3fb82795b3a951c1d99975af0b1c2b3e51b4532b71260336abf8,high for registration/identity/layout; payload schema not implied,"runtime registered: exact feature token present; loader enable, dependencies, exported table, and table merge proved",enabled,cc;enabled,exact ASMB-787 handler decompilation,target-proven,security-sensitive
0x32,0xa2,,no selector in first-level dispatch; handler payload selectors unknown unless separately documented,AMIGetDebugMsgStatus,libipmiamioemctldbg.so.13.0.0,g_CtlDbg_CmdHndlr,plugin,0x000007fc,0x0000080c,0x02,User,0x00,exactly 0 request payload bytes,0xffff,default/unrestricted branch,"GetLibMetaInfo record type 0x05, NetFn 0x32",/Volumes/xxx/src/me/git/zbmc/work/advantech-asmb787/unpacked/fw-filesystems/rootfs/usr/local/lib/libipmiamioemctldbg.so.13.0.0 .dynsym/g_CtlDbg_CmdHndlr + relocation at 0x00000810,805d81c7f81a3fb82795b3a951c1d99975af0b1c2b3e51b4532b71260336abf8,high for registration/identity/layout; payload schema not implied,"runtime registered: exact feature token present; loader enable, dependencies, exported table, and table merge proved",empty,cc;enabled,exact ASMB-787 handler decompilation,target-proven,safe
0x32,0xa3,,no selector in first-level dispatch; handler payload selectors unknown unless separately documented,AMISetExtendedPrivilege,libipmiamioemextpriv.so.13.0.0,g_ExtPriv_CmdHndlr,plugin,0x00000cf4,0x00000cf4,0x04,Administrator,0x05,exactly 5 request payload bytes,0xffff,default/unrestricted branch,"GetLibMetaInfo record type 0x05, NetFn 0x32",/Volumes/xxx/src/me/git/zbmc/work/advantech-asmb787/unpacked/fw-filesystems/rootfs/usr/local/lib/libipmiamioemextpriv.so.13.0.0 .dynsym/g_ExtPriv_CmdHndlr + relocation at 0x00000cf8,3d992269dc6b7886a0602f5a5febd88ea51185463889e665e138bfe9c2347ce1,high for registration/identity/layout; payload schema not implied,"runtime registered: exact feature token present; loader enable, dependencies, exported table, and table merge proved",user_id;flags_u32le,cc,exact ASMB-787 handler decompilation,target-proven,security-sensitive
0x32,0xa4,,no selector in first-level dispatch; handler payload selectors unknown unless separately documented,AMIGetExtendedPrivilege,libipmiamioemextpriv.so.13.0.0,g_ExtPriv_CmdHndlr,plugin,0x00000cf4,0x00000d04,0x03,Operator,0x01,exactly 1 request payload bytes,0xffff,default/unrestricted branch,"GetLibMetaInfo record type 0x05, NetFn 0x32",/Volumes/xxx/src/me/git/zbmc/work/advantech-asmb787/unpacked/fw-filesystems/rootfs/usr/local/lib/libipmiamioemextpriv.so.13.0.0 .dynsym/g_ExtPriv_CmdHndlr + relocation at 0x00000d08,3d992269dc6b7886a0602f5a5febd88ea51185463889e665e138bfe9c2347ce1,high for registration/identity/layout; payload schema not implied,"runtime registered: exact feature token present; loader enable, dependencies, exported table, and table merge proved",user_id,cc;flags_u32le,exact ASMB-787 handler decompilation,target-proven,security-sensitive
0x32,0xa5,,no selector in first-level dispatch; handler payload selectors unknown unless separately documented,AMISetTimeZone,libipmiamioemtimezone.so.13.3.0,g_TimeZone_CmdHndlr,plugin,0x00001018,0x00001018,0x04,Administrator,0xff,variable/unconstrained by dispatcher,0xffff,default/unrestricted branch,"GetLibMetaInfo record type 0x05, NetFn 0x32",/Volumes/xxx/src/me/git/zbmc/work/advantech-asmb787/unpacked/fw-filesystems/rootfs/usr/local/lib/libipmiamioemtimezone.so.13.3.0 .dynsym/g_TimeZone_CmdHndlr + relocation at 0x0000101c,364298a9533af2f149451d227dfb992b0dc0fca981b47189678a96ff1e18fe5e,high for registration/identity/layout; payload schema not implied,"runtime registered: exact feature token present; loader enable, dependencies, exported table, and table merge proved",nonempty_zone_name[1..64],cc,exact ASMB-787 handler decompilation,target-proven,mutates
0x32,0xa6,,no selector in first-level dispatch; handler payload selectors unknown unless separately documented,AMIGetTimeZone,libipmiamioemtimezone.so.13.3.0,g_TimeZone_CmdHndlr,plugin,0x00001018,0x00001028,0x02,User,0x00,exactly 0 request payload bytes,0xffff,default/unrestricted branch,"GetLibMetaInfo record type 0x05, NetFn 0x32",/Volumes/xxx/src/me/git/zbmc/work/advantech-asmb787/unpacked/fw-filesystems/rootfs/usr/local/lib/libipmiamioemtimezone.so.13.3.0 .dynsym/g_TimeZone_CmdHndlr + relocation at 0x0000102c,364298a9533af2f149451d227dfb992b0dc0fca981b47189678a96ff1e18fe5e,high for registration/identity/layout; payload schema not implied,"runtime registered: exact feature token present; loader enable, dependencies, exported table, and table merge proved",empty,cc;zone_name[0..64],exact ASMB-787 handler decompilation,target-proven,safe
0x32,0xa7,,no selector in first-level dispatch; handler payload selectors unknown unless separately documented,AMIGetNTPCfg,libipmiamioemntp.so.13.1.0,g_NTP_CmdHndlr,plugin,0x000013f4,0x000013f4,0x03,Operator,0x00,exactly 0 request payload bytes,0xffff,default/unrestricted branch,"GetLibMetaInfo record type 0x05, NetFn 0x32",/Volumes/xxx/src/me/git/zbmc/work/advantech-asmb787/unpacked/fw-filesystems/rootfs/usr/local/lib/libipmiamioemntp.so.13.1.0 .dynsym/g_NTP_CmdHndlr + relocation at 0x000013f8,7d7112d6e01809cb8eff40cda692e4204d4aaf9aa35d0ce340c122a99760d516,high for registration/identity/layout; payload schema not implied,"runtime registered: exact feature token present; loader enable, dependencies, exported table, and table merge proved",empty,"cc;status(0=manual,1=auto,2=fail);primary[128];secondary[128]",exact ASMB-787 handler decompilation,target-proven,safe
0x32,0xa8,,no selector in first-level dispatch; handler payload selectors unknown unless separately documented,AMISetNTPCfg,libipmiamioemntp.so.13.1.0,g_NTP_CmdHndlr,plugin,0x000013f4,0x00001404,0x04,Administrator,0xff,variable/unconstrained by dispatcher,0xffff,default/unrestricted branch,"GetLibMetaInfo record type 0x05, NetFn 0x32",/Volumes/xxx/src/me/git/zbmc/work/advantech-asmb787/unpacked/fw-filesystems/rootfs/usr/local/lib/libipmiamioemntp.so.13.1.0 .dynsym/g_NTP_CmdHndlr + relocation at 0x00001408,7d7112d6e01809cb8eff40cda692e4204d4aaf9aa35d0ce340c122a99760d516,high for registration/identity/layout; payload schema not implied,"runtime registered: exact feature token present; loader enable, dependencies, exported table, and table merge proved",param=1;server[128]; param=2;server[128]; param=3;status; param=4,cc,exact ASMB-787 handler decompilation,target-proven,mutates
0x32,0xa9,,no selector in first-level dispatch; handler payload selectors unknown unless separately documented,AMIYAFUReplaceSignedImageKey,libipmimsghndlr.so.13.22.0,g_AMI_CmdHndlr,core,0x0009db24,0x0009dfb4,0x04,Administrator,0xff,variable/unconstrained by dispatcher,0xffff,default/unrestricted branch,static PDK registration array + g_AMI_CmdHndlr,/Volumes/xxx/src/me/git/zbmc/work/advantech-asmb787/unpacked/fw-filesystems/rootfs/usr/local/lib/libipmimsghndlr.so.13.22.0 .dynsym/g_AMI_CmdHndlr + relocation at 0x0009dfb8,23e5b17be7125d100db9effea1772a57ee8ecd45da0569a5a331b8eb8d627539,high for registration/identity/layout; payload schema not implied,statically registered in owning dispatcher table,"YAFU signed-key packet: YafuHeader(seq:u32le,yafu_cmd:u16le,data_len:u16le,crc32:u32le);key data:bytes[data_len]","cc;YafuHeader(seq:u32le,yafu_cmd:u16le,data_len:u16le,crc32:u32le);status",exact ASMB-787 handler decompilation,target-proven,destructive
0x32,0xaa,,no selector in first-level dispatch; handler payload selectors unknown unless separately documented,AMIVirtualDeviceSetStatus,libipmiamioempwrcons.so.13.1.0,g_PwrCons_CmdHndlr,plugin,0x00000fd0,0x00000fe0,0x04,Administrator,0x01,exactly 1 request payload bytes,0xffff,default/unrestricted branch,"GetLibMetaInfo record type 0x05, NetFn 0x32",/Volumes/xxx/src/me/git/zbmc/work/advantech-asmb787/unpacked/fw-filesystems/rootfs/usr/local/lib/libipmiamioempwrcons.so.13.1.0 .dynsym/g_PwrCons_CmdHndlr + relocation at 0x00000fe4,89a3ef496529ab0c9fb112edab89bc74b8e5c3a997ff24058834ce8127c9ed26,high for registration/identity/layout; payload schema not implied,"runtime registered: exact feature token present; loader enable, dependencies, exported table, and table merge proved",status,cc,exact ASMB-787 handler decompilation,target-proven,security-sensitive
0x32,0xab,,no selector in first-level dispatch; handler payload selectors unknown unless separately documented,AMIVirtualDeviceGetStatus,libipmiamioempwrcons.so.13.1.0,g_PwrCons_CmdHndlr,plugin,0x00000fd0,0x00000fd0,0x02,User,0x00,exactly 0 request payload bytes,0xffff,default/unrestricted branch,"GetLibMetaInfo record type 0x05, NetFn 0x32",/Volumes/xxx/src/me/git/zbmc/work/advantech-asmb787/unpacked/fw-filesystems/rootfs/usr/local/lib/libipmiamioempwrcons.so.13.1.0 .dynsym/g_PwrCons_CmdHndlr + relocation at 0x00000fd4,89a3ef496529ab0c9fb112edab89bc74b8e5c3a997ff24058834ce8127c9ed26,high for registration/identity/layout; payload schema not implied,"runtime registered: exact feature token present; loader enable, dependencies, exported table, and table merge proved",empty,cc;status,exact ASMB-787 handler decompilation,target-proven,safe
0x32,0xae,,no selector in first-level dispatch; handler payload selectors unknown unless separately documented,AMIGetHostLockFeatureStatus,libipmiamioemhostlock.so.13.0.0,g_HostLock_CmdHndlr,plugin,0x00000a20,0x00000a20,0x02,User,0x00,exactly 0 request payload bytes,0xffff,default/unrestricted branch,"GetLibMetaInfo record type 0x05, NetFn 0x32",/Volumes/xxx/src/me/git/zbmc/work/advantech-asmb787/unpacked/fw-filesystems/rootfs/usr/local/lib/libipmiamioemhostlock.so.13.0.0 .dynsym/g_HostLock_CmdHndlr + relocation at 0x00000a24,fdaccdd0e34b6f1b7fea5418b1da218eb027ce5ada06cf0add9a6ae68bfeeb55,high for registration/identity/layout; payload schema not implied,"runtime registered: exact feature token present; loader enable, dependencies, exported table, and table merge proved",empty,cc;enabled=(config_bit0),exact ASMB-787 handler decompilation,target-proven,safe
0x32,0xaf,,no selector in first-level dispatch; handler payload selectors unknown unless separately documented,AMISetHostLockFeatureStatus,libipmiamioemhostlock.so.13.0.0,g_HostLock_CmdHndlr,plugin,0x00000a20,0x00000a30,0x04,Administrator,0x01,exactly 1 request payload bytes,0xffff,default/unrestricted branch,"GetLibMetaInfo record type 0x05, NetFn 0x32",/Volumes/xxx/src/me/git/zbmc/work/advantech-asmb787/unpacked/fw-filesystems/rootfs/usr/local/lib/libipmiamioemhostlock.so.13.0.0 .dynsym/g_HostLock_CmdHndlr + relocation at 0x00000a34,fdaccdd0e34b6f1b7fea5418b1da218eb027ce5ada06cf0add9a6ae68bfeeb55,high for registration/identity/layout; payload schema not implied,"runtime registered: exact feature token present; loader enable, dependencies, exported table, and table merge proved",enabled,cc,exact ASMB-787 handler decompilation,target-proven,security-sensitive
0x32,0xb0,,no selector in first-level dispatch; handler payload selectors unknown unless separately documented,AMIGetAllActiveSessions,libipmiamioemsessionmgmt.so.13.0.0,g_SessionMgmt_CmdHndlr,plugin,0x00001224,0x00001224,0x02,User,0x01,exactly 1 request payload bytes,0xffff,default/unrestricted branch,"GetLibMetaInfo record type 0x05, NetFn 0x32",/Volumes/xxx/src/me/git/zbmc/work/advantech-asmb787/unpacked/fw-filesystems/rootfs/usr/local/lib/libipmiamioemsessionmgmt.so.13.0.0 .dynsym/g_SessionMgmt_CmdHndlr + relocation at 0x00001228,44d82c9264ed8f7d2d7b5ce1529fb4f89143792b6236f7ed85bdcea634cd0a4e,high for registration/identity/layout; payload schema not implied,"runtime registered: exact feature token present; loader enable, dependencies, exported table, and table merge proved",session_type_selector,cc;count;session_id_u32le[count],exact ASMB-787 handler decompilation,target-proven,safe
0x32,0xb1,,no selector in first-level dispatch; handler payload selectors unknown unless separately documented,AMIActiveSessionClose,libipmiamioemsessionmgmt.so.13.0.0,g_SessionMgmt_CmdHndlr,plugin,0x00001224,0x00001234,0x04,Administrator,0x04,exactly 4 request payload bytes,0xffff,default/unrestricted branch,"GetLibMetaInfo record type 0x05, NetFn 0x32",/Volumes/xxx/src/me/git/zbmc/work/advantech-asmb787/unpacked/fw-filesystems/rootfs/usr/local/lib/libipmiamioemsessionmgmt.so.13.0.0 .dynsym/g_SessionMgmt_CmdHndlr + relocation at 0x00001238,44d82c9264ed8f7d2d7b5ce1529fb4f89143792b6236f7ed85bdcea634cd0a4e,high for registration/identity/layout; payload schema not implied,"runtime registered: exact feature token present; loader enable, dependencies, exported table, and table merge proved",session_id_u32le,cc,exact ASMB-787 handler decompilation,target-proven,security-sensitive
0x32,0xb4,,no selector in first-level dispatch; handler payload selectors unknown unless separately documented,AMIGetFwVersion,libipmimsghndlr.so.13.22.0,g_AMI_CmdHndlr,core,0x0009db24,0x0009dfe4,0x02,User,0x01,exactly 1 request payload bytes,0xffff,default/unrestricted branch,static PDK registration array + g_AMI_CmdHndlr,/Volumes/xxx/src/me/git/zbmc/work/advantech-asmb787/unpacked/fw-filesystems/rootfs/usr/local/lib/libipmimsghndlr.so.13.22.0 .dynsym/g_AMI_CmdHndlr + relocation at 0x0009dfe8,23e5b17be7125d100db9effea1772a57ee8ecd45da0569a5a331b8eb8d627539,high for registration/identity/layout; payload schema not implied,statically registered in owning dispatcher table,device_node:u8,cc;count:u8;records[count]{id:u8;instance:u8;name:bytes[8];major:u8;minor:u8;aux:bytes[6];device:u8},exact ASMB-787 handler decompilation,target-proven,safe
0x32,0xb7,,no selector in first-level dispatch; handler payload selectors unknown unless separately documented,AMIGetRunTimeSinglePortStatus,libipmiamioemsingleport.so.13.0.0,g_SinglePort_CmdHndlr,plugin,0x00000844,0x00000844,0x02,User,0x00,exactly 0 request payload bytes,0xffff,default/unrestricted branch,"GetLibMetaInfo record type 0x05, NetFn 0x32",/Volumes/xxx/src/me/git/zbmc/work/advantech-asmb787/unpacked/fw-filesystems/rootfs/usr/local/lib/libipmiamioemsingleport.so.13.0.0 .dynsym/g_SinglePort_CmdHndlr + relocation at 0x00000848,0ea161e64902751a8432a21de8695c279ef1d58b34e83d88338664bfdceb6d1a,high for registration/identity/layout; payload schema not implied,"runtime registered: exact feature token present; loader enable, dependencies, exported table, and table merge proved",empty,cc;enabled,exact ASMB-787 handler decompilation,target-proven,safe
0x32,0xb8,,no selector in first-level dispatch; handler payload selectors unknown unless separately documented,AMISetRunTimeSinglePortStatus,libipmiamioemsingleport.so.13.0.0,g_SinglePort_CmdHndlr,plugin,0x00000844,0x00000854,0x04,Administrator,0x01,exactly 1 request payload bytes,0xffff,default/unrestricted branch,"GetLibMetaInfo record type 0x05, NetFn 0x32",/Volumes/xxx/src/me/git/zbmc/work/advantech-asmb787/unpacked/fw-filesystems/rootfs/usr/local/lib/libipmiamioemsingleport.so.13.0.0 .dynsym/g_SinglePort_CmdHndlr + relocation at 0x00000858,0ea161e64902751a8432a21de8695c279ef1d58b34e83d88338664bfdceb6d1a,high for registration/identity/layout; payload schema not implied,"runtime registered: exact feature token present; loader enable, dependencies, exported table, and table merge proved",enabled,cc,exact ASMB-787 handler decompilation,target-proven,security-sensitive
0x32,0xba,,no selector in first-level dispatch; handler payload selectors unknown unless separately documented,AMISetAllPreserveConfStatus,libipmiamioemprsvconf.so.13.0.0,g_prsvconf_CmdHndlr,plugin,0x00000c18,0x00000c38,0x04,Administrator,0x02,exactly 2 request payload bytes,0xffff,default/unrestricted branch,"GetLibMetaInfo record type 0x05, NetFn 0x32",/Volumes/xxx/src/me/git/zbmc/work/advantech-asmb787/unpacked/fw-filesystems/rootfs/usr/local/lib/libipmiamioemprsvconf.so.13.0.0 .dynsym/g_prsvconf_CmdHndlr + relocation at 0x00000c3c,82657f8c973c35832722a5a7dac246bedfb7ccb6708fab2dfb1837fbfe5761a2,high for registration/identity/layout; payload schema not implied,"runtime registered: exact feature token present; loader enable, dependencies, exported table, and table merge proved",status_u16le,cc,exact ASMB-787 handler decompilation,target-proven,mutates
0x32,0xbb,,no selector in first-level dispatch; handler payload selectors unknown unless separately documented,AMIGetAllPreserveConfStatus,libipmiamioemprsvconf.so.13.0.0,g_prsvconf_CmdHndlr,plugin,0x00000c18,0x00000c48,0x02,User,0x00,exactly 0 request payload bytes,0xffff,default/unrestricted branch,"GetLibMetaInfo record type 0x05, NetFn 0x32",/Volumes/xxx/src/me/git/zbmc/work/advantech-asmb787/unpacked/fw-filesystems/rootfs/usr/local/lib/libipmiamioemprsvconf.so.13.0.0 .dynsym/g_prsvconf_CmdHndlr + relocation at 0x00000c4c,82657f8c973c35832722a5a7dac246bedfb7ccb6708fab2dfb1837fbfe5761a2,high for registration/identity/layout; payload schema not implied,"runtime registered: exact feature token present; loader enable, dependencies, exported table, and table merge proved",empty,cc;reserved;status_u16le;enabled_status_u16le,exact ASMB-787 handler decompilation,target-proven,safe
0x32,0xbc,,no selector in first-level dispatch; handler payload selectors unknown unless separately documented,AMIGetHostAutoLockStatus,libipmiamioemautohostlock.so.13.0.0,g_AutoHostLock_CmdHndlr,plugin,0x00000a18,0x00000a18,0x02,User,0x00,exactly 0 request payload bytes,0xffff,default/unrestricted branch,"GetLibMetaInfo record type 0x05, NetFn 0x32",/Volumes/xxx/src/me/git/zbmc/work/advantech-asmb787/unpacked/fw-filesystems/rootfs/usr/local/lib/libipmiamioemautohostlock.so.13.0.0 .dynsym/g_AutoHostLock_CmdHndlr + relocation at 0x00000a1c,3db0eeb58554bcd8cf7ca4d36508b881b9e46d0ed7f4b18ef301fbe8461ead24,high for registration/identity/layout; payload schema not implied,"runtime registered: exact feature token present; loader enable, dependencies, exported table, and table merge proved",empty,cc;enabled=(config_bit1),exact ASMB-787 handler decompilation,target-proven,safe
0x32,0xbd,,no selector in first-level dispatch; handler payload selectors unknown unless separately documented,AMISetHostAutoLockStatus,libipmiamioemautohostlock.so.13.0.0,g_AutoHostLock_CmdHndlr,plugin,0x00000a18,0x00000a28,0x04,Administrator,0x01,exactly 1 request payload bytes,0xffff,default/unrestricted branch,"GetLibMetaInfo record type 0x05, NetFn 0x32",/Volumes/xxx/src/me/git/zbmc/work/advantech-asmb787/unpacked/fw-filesystems/rootfs/usr/local/lib/libipmiamioemautohostlock.so.13.0.0 .dynsym/g_AutoHostLock_CmdHndlr + relocation at 0x00000a2c,3db0eeb58554bcd8cf7ca4d36508b881b9e46d0ed7f4b18ef301fbe8461ead24,high for registration/identity/layout; payload schema not implied,"runtime registered: exact feature token present; loader enable, dependencies, exported table, and table merge proved",enabled,cc,exact ASMB-787 handler decompilation,target-proven,security-sensitive
0x32,0xbe,,no selector in first-level dispatch; handler payload selectors unknown unless separately documented,AMIGetChannelType,libipmimsghndlr.so.13.22.0,g_AMI_CmdHndlr,core,0x0009db24,0x0009df34,0x02,User,0x01,exactly 1 request payload bytes,0xffff,default/unrestricted branch,static PDK registration array + g_AMI_CmdHndlr,/Volumes/xxx/src/me/git/zbmc/work/advantech-asmb787/unpacked/fw-filesystems/rootfs/usr/local/lib/libipmimsghndlr.so.13.22.0 .dynsym/g_AMI_CmdHndlr + relocation at 0x0009df38,23e5b17be7125d100db9effea1772a57ee8ecd45da0569a5a331b8eb8d627539,high for registration/identity/layout; payload schema not implied,statically registered in owning dispatcher table,channel:u8,cc;echoed_channel:u8;channel_type:u8,exact ASMB-787 handler decompilation,target-proven,safe
0x32,0xc0,,no selector in first-level dispatch; handler payload selectors unknown unless separately documented,AMIGetRemoteKVMCfg,libipmiamioemremotekvm.so.13.2.0,g_REMOTEKVM_CmdHndlr,plugin,0x0000108c,0x0000108c,0x02,User,0x01,exactly 1 request payload bytes,0xffff,default/unrestricted branch,"GetLibMetaInfo record type 0x05, NetFn 0x32",/Volumes/xxx/src/me/git/zbmc/work/advantech-asmb787/unpacked/fw-filesystems/rootfs/usr/local/lib/libipmiamioemremotekvm.so.13.2.0 .dynsym/g_REMOTEKVM_CmdHndlr + relocation at 0x00001090,fa47591142d4fadd0e867f1fc6b77a37803318d3985512849624c20f403f9d23,high for registration/identity/layout; payload schema not implied,"runtime registered: exact feature token present; loader enable, dependencies, exported table, and table merge proved",selector,cc;value; cc;value[5],exact ASMB-787 handler decompilation,target-proven,safe
0x32,0xc1,,no selector in first-level dispatch; handler payload selectors unknown unless separately documented,AMISetRemoteKVMCfg,libipmiamioemremotekvm.so.13.2.0,g_REMOTEKVM_CmdHndlr,plugin,0x0000108c,0x0000109c,0x04,Administrator,0xff,variable/unconstrained by dispatcher,0xffff,default/unrestricted branch,"GetLibMetaInfo record type 0x05, NetFn 0x32",/Volumes/xxx/src/me/git/zbmc/work/advantech-asmb787/unpacked/fw-filesystems/rootfs/usr/local/lib/libipmiamioemremotekvm.so.13.2.0 .dynsym/g_REMOTEKVM_CmdHndlr + relocation at 0x000010a0,fa47591142d4fadd0e867f1fc6b77a37803318d3985512849624c20f403f9d23,high for registration/identity/layout; payload schema not implied,"runtime registered: exact feature token present; loader enable, dependencies, exported table, and table merge proved",selector;value; selector;value[5],cc,exact ASMB-787 handler decompilation,target-proven,security-sensitive
0x32,0xc2,,no selector in first-level dispatch; handler payload selectors unknown unless separately documented,AMIGetFeatureStatus,libipmimsghndlr.so.13.22.0,g_AMI_CmdHndlr,core,0x0009db24,0x0009dff4,0x03,Operator,0xff,variable/unconstrained by dispatcher,0xffff,default/unrestricted branch,static PDK registration array + g_AMI_CmdHndlr,/Volumes/xxx/src/me/git/zbmc/work/advantech-asmb787/unpacked/fw-filesystems/rootfs/usr/local/lib/libipmimsghndlr.so.13.22.0 .dynsym/g_AMI_CmdHndlr + relocation at 0x0009dff8,23e5b17be7125d100db9effea1772a57ee8ecd45da0569a5a331b8eb8d627539,high for registration/identity/layout; payload schema not implied,statically registered in owning dispatcher table,feature_name/appcode:bytes[1..],cc;feature_status:u8,exact ASMB-787 handler decompilation,target-proven,safe
0x32,0xc3,,no selector in first-level dispatch; handler payload selectors unknown unless separately documented,AMIGetSSLCertStatus,libipmimsghndlr.so.13.22.0,g_AMI_CmdHndlr,core,0x0009db24,0x0009dfc4,0x02,User,0x01,exactly 1 request payload bytes,0xffff,default/unrestricted branch,static PDK registration array + g_AMI_CmdHndlr,/Volumes/xxx/src/me/git/zbmc/work/advantech-asmb787/unpacked/fw-filesystems/rootfs/usr/local/lib/libipmimsghndlr.so.13.22.0 .dynsym/g_AMI_CmdHndlr + relocation at 0x0009dfc8,23e5b17be7125d100db9effea1772a57ee8ecd45da0569a5a331b8eb8d627539,high for registration/identity/layout; payload schema not implied,statically registered in owning dispatcher table,cert_type:u8,"cc;selector-specific validity/status bytes; cc;SSL_Config_T:bytes[1548] (version, serial, algorithms, issuer/subject, validity; exact binary buffer size)",exact ASMB-787 handler decompilation,target-proven,safe
0x32,0xc4,,no selector in first-level dispatch; handler payload selectors unknown unless separately documented,AMIGetADConf,libipmiamioemad.so.13.1.0,g_AD_CmdHndlr,plugin,0x00001b18,0x00001b18,0x02,User,0xff,variable/unconstrained by dispatcher,0xffff,default/unrestricted branch,"GetLibMetaInfo record type 0x05, NetFn 0x32",/Volumes/xxx/src/me/git/zbmc/work/advantech-asmb787/unpacked/fw-filesystems/rootfs/usr/local/lib/libipmiamioemad.so.13.1.0 .dynsym/g_AD_CmdHndlr + relocation at 0x00001b1c,be77947605e05f92f43374b59428cf6a88c47dafdebec4753620b35094e6ebcc,high for registration/identity/layout; payload schema not implied,"runtime registered: exact feature token present; loader enable, dependencies, exported table, and table merge proved",selector[;role_id;role_field],cc;selector-dependent value,exact ASMB-787 handler decompilation,target-proven,security-sensitive
0x32,0xc5,,no selector in first-level dispatch; handler payload selectors unknown unless separately documented,AMISetADConf,libipmiamioemad.so.13.1.0,g_AD_CmdHndlr,plugin,0x00001b18,0x00001b28,0x04,Administrator,0xff,variable/unconstrained by dispatcher,0xffff,default/unrestricted branch,"GetLibMetaInfo record type 0x05, NetFn 0x32",/Volumes/xxx/src/me/git/zbmc/work/advantech-asmb787/unpacked/fw-filesystems/rootfs/usr/local/lib/libipmiamioemad.so.13.1.0 .dynsym/g_AD_CmdHndlr + relocation at 0x00001b2c,be77947605e05f92f43374b59428cf6a88c47dafdebec4753620b35094e6ebcc,high for registration/identity/layout; payload schema not implied,"runtime registered: exact feature token present; loader enable, dependencies, exported table, and table merge proved",selector;block;selector-dependent value,cc,exact ASMB-787 handler decompilation,target-proven,security-sensitive
0x32,0xc6,,no selector in first-level dispatch; handler payload selectors unknown unless separately documented,AMIGetRadiusConf,libipmiamioemradius.so.13.1.0,g_Radius_CmdHndlr,plugin,0x000013f0,0x000013f0,0x02,User,0xff,variable/unconstrained by dispatcher,0xffff,default/unrestricted branch,"GetLibMetaInfo record type 0x05, NetFn 0x32",/Volumes/xxx/src/me/git/zbmc/work/advantech-asmb787/unpacked/fw-filesystems/rootfs/usr/local/lib/libipmiamioemradius.so.13.1.0 .dynsym/g_Radius_CmdHndlr + relocation at 0x000013f4,dc867659c98c2b1cd25be08e0468751266501f737565f1c7a156a65736344155,high for registration/identity/layout; payload schema not implied,"runtime registered: exact feature token present; loader enable, dependencies, exported table, and table merge proved",selector; selector;access_level,cc;status; cc;ip_address[256]; cc;port_u16le; cc;secret[32]; cc;timeout_u32le; cc;privilege_u32le; cc;extended_privilege_u32le; cc;vendor_data[256],exact ASMB-787 handler decompilation,target-proven,safe
0x32,0xc7,,no selector in first-level dispatch; handler payload selectors unknown unless separately documented,AMISetRadiusConf,libipmiamioemradius.so.13.1.0,g_Radius_CmdHndlr,plugin,0x000013f0,0x00001400,0x04,Administrator,0xff,variable/unconstrained by dispatcher,0xffff,default/unrestricted branch,"GetLibMetaInfo record type 0x05, NetFn 0x32",/Volumes/xxx/src/me/git/zbmc/work/advantech-asmb787/unpacked/fw-filesystems/rootfs/usr/local/lib/libipmiamioemradius.so.13.1.0 .dynsym/g_Radius_CmdHndlr + relocation at 0x00001404,dc867659c98c2b1cd25be08e0468751266501f737565f1c7a156a65736344155,high for registration/identity/layout; payload schema not implied,"runtime registered: exact feature token present; loader enable, dependencies, exported table, and table merge proved",selector;block_selector;selector_data,cc,exact ASMB-787 handler decompilation,target-proven,security-sensitive
0x32,0xc8,,no selector in first-level dispatch; handler payload selectors unknown unless separately documented,AMIGetLDAPConf,libipmiamioemldap.so.13.1.0,g_LDAP_CmdHndlr,plugin,0x00001ef0,0x00001ef0,0x02,User,0xff,variable/unconstrained by dispatcher,0xffff,default/unrestricted branch,"GetLibMetaInfo record type 0x05, NetFn 0x32",/Volumes/xxx/src/me/git/zbmc/work/advantech-asmb787/unpacked/fw-filesystems/rootfs/usr/local/lib/libipmiamioemldap.so.13.1.0 .dynsym/g_LDAP_CmdHndlr + relocation at 0x00001ef4,566690183af4ec56edcd885d0d534f990f64b65b1f41af334ae5635d6c666c3d,high for registration/identity/layout; payload schema not implied,"runtime registered: exact feature token present; loader enable, dependencies, exported table, and table merge proved",selector[;role_id;role_field],cc;selector-dependent value,exact ASMB-787 handler decompilation,target-proven,security-sensitive
0x32,0xc9,,no selector in first-level dispatch; handler payload selectors unknown unless separately documented,AMISetLDAPConf,libipmiamioemldap.so.13.1.0,g_LDAP_CmdHndlr,plugin,0x00001ef0,0x00001f00,0x04,Administrator,0xff,variable/unconstrained by dispatcher,0xffff,default/unrestricted branch,"GetLibMetaInfo record type 0x05, NetFn 0x32",/Volumes/xxx/src/me/git/zbmc/work/advantech-asmb787/unpacked/fw-filesystems/rootfs/usr/local/lib/libipmiamioemldap.so.13.1.0 .dynsym/g_LDAP_CmdHndlr + relocation at 0x00001f04,566690183af4ec56edcd885d0d534f990f64b65b1f41af334ae5635d6c666c3d,high for registration/identity/layout; payload schema not implied,"runtime registered: exact feature token present; loader enable, dependencies, exported table, and table merge proved",selector;block;selector-dependent value,cc,exact ASMB-787 handler decompilation,target-proven,security-sensitive
0x32,0xca,,no selector in first-level dispatch; handler payload selectors unknown unless separately documented,AMIGetVmediaCfg,libipmiamioemmedia.so.13.4.0,g_Media_CmdHndlr,plugin,0x00003d6c,0x00003d6c,0x02,User,0x01,exactly 1 request payload bytes,0xffff,default/unrestricted branch,"GetLibMetaInfo record type 0x05, NetFn 0x32",/Volumes/xxx/src/me/git/zbmc/work/advantech-asmb787/unpacked/fw-filesystems/rootfs/usr/local/lib/libipmiamioemmedia.so.13.4.0 .dynsym/g_Media_CmdHndlr + relocation at 0x00003d70,0431f340be54deb0db97cda128a083e2d74749b5dd49d1fd6773e95d98d0274c,high for registration/identity/layout; payload schema not implied,"runtime registered: exact feature token present; loader enable, dependencies, exported table, and table merge proved",selector,cc;value_u8,exact ASMB-787 handler decompilation,target-proven,safe
0x32,0xcb,,no selector in first-level dispatch; handler payload selectors unknown unless separately documented,AMISetVmediaCfg,libipmiamioemmedia.so.13.4.0,g_Media_CmdHndlr,plugin,0x00003d6c,0x00003d7c,0x04,Administrator,0x02,exactly 2 request payload bytes,0xffff,default/unrestricted branch,"GetLibMetaInfo record type 0x05, NetFn 0x32",/Volumes/xxx/src/me/git/zbmc/work/advantech-asmb787/unpacked/fw-filesystems/rootfs/usr/local/lib/libipmiamioemmedia.so.13.4.0 .dynsym/g_Media_CmdHndlr + relocation at 0x00003d80,0431f340be54deb0db97cda128a083e2d74749b5dd49d1fd6773e95d98d0274c,high for registration/identity/layout; payload schema not implied,"runtime registered: exact feature token present; loader enable, dependencies, exported table, and table merge proved",selector;value,cc,exact ASMB-787 handler decompilation,target-proven,mutates
0x32,0xcc,,no selector in first-level dispatch; handler payload selectors unknown unless separately documented,AMIAddExtendSelEntries,libipmiamioemextendedsel.so.13.2.0,g_ExtSEL_CmdHndlr,plugin,0x000030e4,0x000030e4,0x04,Administrator,0xff,variable/unconstrained by dispatcher,0xffff,default/unrestricted branch,"GetLibMetaInfo record type 0x05, NetFn 0x32",/Volumes/xxx/src/me/git/zbmc/work/advantech-asmb787/unpacked/fw-filesystems/rootfs/usr/local/lib/libipmiamioemextendedsel.so.13.2.0 .dynsym/g_ExtSEL_CmdHndlr + relocation at 0x000030e8,8963fde4415c05318814d290f49843986d3dc6d31ca7430a4c22efbe40e4ea0b,high for registration/identity/layout; payload schema not implied,"runtime registered: exact feature token present; loader enable, dependencies, exported table, and table merge proved",16B system_event_record_header(record_type must df);extended_data[0..124],cc;record_id_u16le,exact ASMB-787 handler decompilation,target-proven,mutates
0x32,0xcd,,no selector in first-level dispatch; handler payload selectors unknown unless separately documented,AMIGETExtendSelData,libipmiamioemextendedsel.so.13.2.0,g_ExtSEL_CmdHndlr,plugin,0x000030e4,0x000030f4,0x02,User,0x02,exactly 2 request payload bytes,0xffff,default/unrestricted branch,"GetLibMetaInfo record type 0x05, NetFn 0x32",/Volumes/xxx/src/me/git/zbmc/work/advantech-asmb787/unpacked/fw-filesystems/rootfs/usr/local/lib/libipmiamioemextendedsel.so.13.2.0 .dynsym/g_ExtSEL_CmdHndlr + relocation at 0x000030f8,8963fde4415c05318814d290f49843986d3dc6d31ca7430a4c22efbe40e4ea0b,high for registration/identity/layout; payload schema not implied,"runtime registered: exact feature token present; loader enable, dependencies, exported table, and table merge proved",record_id_u16le,cc;data_size;extended_data[data_size],exact ASMB-787 handler decompilation,target-proven,safe
0x32,0xce,,no selector in first-level dispatch; handler payload selectors unknown unless separately documented,AMISendToBios,libipmiamioembiosremotecontrol.so.13.0.0,g_GetBIOSRemoteCtrl_CmdHndlr,plugin,0x000012cc,0x000012cc,0x02,User,0xff,variable/unconstrained by dispatcher,0xffff,default/unrestricted branch,"GetLibMetaInfo record type 0x05, NetFn 0x32",/Volumes/xxx/src/me/git/zbmc/work/advantech-asmb787/unpacked/fw-filesystems/rootfs/usr/local/lib/libipmiamioembiosremotecontrol.so.13.0.0 .dynsym/g_GetBIOSRemoteCtrl_CmdHndlr + relocation at 0x000012d0,8690123032e5928a21e5983dc72b64c41579a8b5fa274366f8fe4acaaf0e99ce,high for registration/identity/layout; payload schema not implied,"runtime registered: exact feature token present; loader enable, dependencies, exported table, and table merge proved",sequence;action;data_len;data[data_len],cc;sequence,exact ASMB-787 handler decompilation,target-proven,mutates
0x32,0xcf,,no selector in first-level dispatch; handler payload selectors unknown unless separately documented,AMIGetBiosCommand,libipmiamioembiosremotecontrol.so.13.0.0,g_GetBIOSRemoteCtrl_CmdHndlr,plugin,0x000012cc,0x000012dc,0x81,special/raw 0x81,0x00,exactly 0 request payload bytes,0xffff,default/unrestricted branch,"GetLibMetaInfo record type 0x05, NetFn 0x32",/Volumes/xxx/src/me/git/zbmc/work/advantech-asmb787/unpacked/fw-filesystems/rootfs/usr/local/lib/libipmiamioembiosremotecontrol.so.13.0.0 .dynsym/g_GetBIOSRemoteCtrl_CmdHndlr + relocation at 0x000012e0,8690123032e5928a21e5983dc72b64c41579a8b5fa274366f8fe4acaaf0e99ce,high for registration/identity/layout; payload schema not implied,"runtime registered: exact feature token present; loader enable, dependencies, exported table, and table merge proved",empty,cc;sequence;action;data_len;data[data_len],exact ASMB-787 handler decompilation,target-proven,safe
0x32,0xd1,,no selector in first-level dispatch; handler payload selectors unknown unless separately documented,AMISetBiosResponse,libipmiamioembiosremotecontrol.so.13.0.0,g_GetBIOSRemoteCtrl_CmdHndlr,plugin,0x000012cc,0x000012ec,0x81,special/raw 0x81,0xff,variable/unconstrained by dispatcher,0xffff,default/unrestricted branch,"GetLibMetaInfo record type 0x05, NetFn 0x32",/Volumes/xxx/src/me/git/zbmc/work/advantech-asmb787/unpacked/fw-filesystems/rootfs/usr/local/lib/libipmiamioembiosremotecontrol.so.13.0.0 .dynsym/g_GetBIOSRemoteCtrl_CmdHndlr + relocation at 0x000012f0,8690123032e5928a21e5983dc72b64c41579a8b5fa274366f8fe4acaaf0e99ce,high for registration/identity/layout; payload schema not implied,"runtime registered: exact feature token present; loader enable, dependencies, exported table, and table merge proved",sequence;data_len;data[data_len],cc,exact ASMB-787 handler decompilation,target-proven,mutates
0x32,0xd2,,no selector in first-level dispatch; handler payload selectors unknown unless separately documented,AMIGetBiosResponse,libipmiamioembiosremotecontrol.so.13.0.0,g_GetBIOSRemoteCtrl_CmdHndlr,plugin,0x000012cc,0x000012fc,0x02,User,0x01,exactly 1 request payload bytes,0xffff,default/unrestricted branch,"GetLibMetaInfo record type 0x05, NetFn 0x32",/Volumes/xxx/src/me/git/zbmc/work/advantech-asmb787/unpacked/fw-filesystems/rootfs/usr/local/lib/libipmiamioembiosremotecontrol.so.13.0.0 .dynsym/g_GetBIOSRemoteCtrl_CmdHndlr + relocation at 0x00001300,8690123032e5928a21e5983dc72b64c41579a8b5fa274366f8fe4acaaf0e99ce,high for registration/identity/layout; payload schema not implied,"runtime registered: exact feature token present; loader enable, dependencies, exported table, and table merge proved",sequence,cc;data_len;data[data_len],exact ASMB-787 handler decompilation,target-proven,safe
0x32,0xd3,,no selector in first-level dispatch; handler payload selectors unknown unless separately documented,AMISetBiosFlag,libipmiamioembiosremotecontrol.so.13.0.0,g_GetBIOSRemoteCtrl_CmdHndlr,plugin,0x000012cc,0x0000130c,0x02,User,0x08,exactly 8 request payload bytes,0xffff,default/unrestricted branch,"GetLibMetaInfo record type 0x05, NetFn 0x32",/Volumes/xxx/src/me/git/zbmc/work/advantech-asmb787/unpacked/fw-filesystems/rootfs/usr/local/lib/libipmiamioembiosremotecontrol.so.13.0.0 .dynsym/g_GetBIOSRemoteCtrl_CmdHndlr + relocation at 0x00001310,8690123032e5928a21e5983dc72b64c41579a8b5fa274366f8fe4acaaf0e99ce,high for registration/identity/layout; payload schema not implied,"runtime registered: exact feature token present; loader enable, dependencies, exported table, and table merge proved",mask_u32le;value_u32le,cc,exact ASMB-787 handler decompilation,target-proven,mutates
0x32,0xd4,,no selector in first-level dispatch; handler payload selectors unknown unless separately documented,AMIGetBiosFlag,libipmiamioembiosremotecontrol.so.13.0.0,g_GetBIOSRemoteCtrl_CmdHndlr,plugin,0x000012cc,0x0000131c,0x02,User,0x00,exactly 0 request payload bytes,0xffff,default/unrestricted branch,"GetLibMetaInfo record type 0x05, NetFn 0x32",/Volumes/xxx/src/me/git/zbmc/work/advantech-asmb787/unpacked/fw-filesystems/rootfs/usr/local/lib/libipmiamioembiosremotecontrol.so.13.0.0 .dynsym/g_GetBIOSRemoteCtrl_CmdHndlr + relocation at 0x00001320,8690123032e5928a21e5983dc72b64c41579a8b5fa274366f8fe4acaaf0e99ce,high for registration/identity/layout; payload schema not implied,"runtime registered: exact feature token present; loader enable, dependencies, exported table, and table merge proved",empty,cc;flag_u32le,exact ASMB-787 handler decompilation,target-proven,safe
0x32,0xd5,,no selector in first-level dispatch; handler payload selectors unknown unless separately documented,AMIPLDMBIOSMsg,libipmiamioempldmcmds.so.13.4.0,g_PLDM_CmdHndlr,plugin,0x000024f8,0x000024f8,0x02,User,0xff,variable/unconstrained by dispatcher,0xffff,default/unrestricted branch,"GetLibMetaInfo record type 0x05, NetFn 0x32",/Volumes/xxx/src/me/git/zbmc/work/advantech-asmb787/unpacked/fw-filesystems/rootfs/usr/local/lib/libipmiamioempldmcmds.so.13.4.0 .dynsym/g_PLDM_CmdHndlr + relocation at 0x000024fc,d86d9acdb6947f84323928ffb17be2fe16535d26a8b86a90a340c49e0397f318,high for registration/identity/layout; payload schema not implied,not runtime registered: exact feature token absent; loader skips module,"instance/request_header;pldm_type=3;command=01;transfer_handle_u32le;transfer_op(0=next,1=first);table_type(0..2); instance/request_header;pldm_type=3;command=02;transfer_handle_u32le;transfer_flag(1=start,2=middle,4=end,5=start+end);table_type(0..2);table_data; instance/request_header;pldm_type=3;command=03;payload; instance/request_header;pldm_type=3;command=04;count;table_type[count]; instance/request_header;pldm_type=3;command=05;count;records[count]{table_type;table_tag_u32le}",transport_cc;instance;type=3;command=01;pldm_cc;next_handle_u32le;transfer_flag;table_data; transport_cc;instance;type=3;command=02;pldm_cc;next_handle_u32le; transport_cc;instance;type=3;command=03;pldm_cc=02; transport_cc;instance;type=3;command=04;pldm_cc;reserved_or_handle_u32le;table_tag_u32le[count]; transport_cc;instance;type=3;command=05;pldm_cc,exact ASMB-787 handler decompilation,target-proven,mutates
0x32,0xd6,,no selector in first-level dispatch; handler payload selectors unknown unless separately documented,AMIPLDMFIRMWAREMsg,libpldmfwupdate.so.13.2.0,g_PLDM_CmdHndlr,plugin,0x000022bc,0x000022bc,0x02,User,0xff,variable/unconstrained by dispatcher,0xffff,default/unrestricted branch,"GetLibMetaInfo record type 0x05, NetFn 0x32",/Volumes/xxx/src/me/git/zbmc/work/advantech-asmb787/unpacked/fw-filesystems/rootfs/usr/local/lib/libpldmfwupdate.so.13.2.0 .dynsym/g_PLDM_CmdHndlr + relocation at 0x000022c0,e1085d45cacbcbaef987d0df4a0b5711915f23b7961db5d793cfee0c7414ecd8,high for registration/identity/layout; payload schema not implied,not runtime registered: exact feature token absent; loader skips module,PLDM header(type=5);command=01;payload; PLDM header(type=5);command=10;payload; PLDM header(type=5);command=13;payload; PLDM header(type=5);command=14;payload; PLDM header(type=5);command=1a;payload; PLDM header(type=5);command=1b;payload; PLDM header(type=5);command=1c;payload; PLDM header(type=5);command=1d;payload; PLDM header(type=5);command=1e;payload,PLDM response; PLDM response length4; PLDM response length3; PLDM response length9; PLDM response length11; PLDM response length1; PLDM response length10; helper-defined response,exact ASMB-787 handler decompilation,target-proven,destructive
0x32,0xd7,,no selector in first-level dispatch; handler payload selectors unknown unless separately documented,AMIMediaRedirectionStartStop,libipmiamioemmedia.so.13.4.0,g_Media_CmdHndlr,plugin,0x00003d6c,0x00003d8c,0x04,Administrator,0xff,variable/unconstrained by dispatcher,0xffff,default/unrestricted branch,"GetLibMetaInfo record type 0x05, NetFn 0x32",/Volumes/xxx/src/me/git/zbmc/work/advantech-asmb787/unpacked/fw-filesystems/rootfs/usr/local/lib/libipmiamioemmedia.so.13.4.0 .dynsym/g_Media_CmdHndlr + relocation at 0x00003d90,0431f340be54deb0db97cda128a083e2d74749b5dd49d1fd6773e95d98d0274c,high for registration/identity/layout; payload schema not implied,"runtime registered: exact feature token present; loader enable, dependencies, exported table, and table merge proved","param;app_type(0=local,1=remote);image_type(1=cd,4=hd);state;image_index_or_path",cc,exact ASMB-787 handler decompilation,target-proven,mutates
0x32,0xd8,,no selector in first-level dispatch; handler payload selectors unknown unless separately documented,AMIGetMediaInfo,libipmiamioemmedia.so.13.4.0,g_Media_CmdHndlr,plugin,0x00003d6c,0x00003d9c,0x02,User,0xff,variable/unconstrained by dispatcher,0xffff,default/unrestricted branch,"GetLibMetaInfo record type 0x05, NetFn 0x32",/Volumes/xxx/src/me/git/zbmc/work/advantech-asmb787/unpacked/fw-filesystems/rootfs/usr/local/lib/libipmiamioemmedia.so.13.4.0 .dynsym/g_Media_CmdHndlr + relocation at 0x00003da0,0431f340be54deb0db97cda128a083e2d74749b5dd49d1fd6773e95d98d0274c,high for registration/identity/layout; payload schema not implied,"runtime registered: exact feature token present; loader enable, dependencies, exported table, and table merge proved",selector;app_type;image_type[;index],cc;app_type;selector-dependent records,exact ASMB-787 handler decompilation,target-proven,security-sensitive
0x32,0xd9,,no selector in first-level dispatch; handler payload selectors unknown unless separately documented,AMISetMediaInfo,libipmiamioemmedia.so.13.4.0,g_Media_CmdHndlr,plugin,0x00003d6c,0x00003dac,0x04,Administrator,0xff,variable/unconstrained by dispatcher,0xffff,default/unrestricted branch,"GetLibMetaInfo record type 0x05, NetFn 0x32",/Volumes/xxx/src/me/git/zbmc/work/advantech-asmb787/unpacked/fw-filesystems/rootfs/usr/local/lib/libipmiamioemmedia.so.13.4.0 .dynsym/g_Media_CmdHndlr + relocation at 0x00003db0,0431f340be54deb0db97cda128a083e2d74749b5dd49d1fd6773e95d98d0274c,high for registration/identity/layout; payload schema not implied,"runtime registered: exact feature token present; loader enable, dependencies, exported table, and table merge proved",operation;app_type;operation_data,cc,exact ASMB-787 handler decompilation,target-proven,destructive
0x32,0xdc,,no selector in first-level dispatch; handler payload selectors unknown unless separately documented,AMIGetRedirectedMediaInfo,libipmiamioemmedia.so.13.4.0,g_Media_CmdHndlr,plugin,0x00003d6c,0x00003dbc,0x02,User,0x02,exactly 2 request payload bytes,0xffff,default/unrestricted branch,"GetLibMetaInfo record type 0x05, NetFn 0x32",/Volumes/xxx/src/me/git/zbmc/work/advantech-asmb787/unpacked/fw-filesystems/rootfs/usr/local/lib/libipmiamioemmedia.so.13.4.0 .dynsym/g_Media_CmdHndlr + relocation at 0x00003dc0,0431f340be54deb0db97cda128a083e2d74749b5dd49d1fd6773e95d98d0274c,high for registration/identity/layout; payload schema not implied,"runtime registered: exact feature token present; loader enable, dependencies, exported table, and table merge proved",media_type=1;index_or_ff; media_type=4;index_or_ff,cc;entries[N] each 0x142 bytes,exact ASMB-787 handler decompilation,target-proven,safe
0x32,0xe3,,no selector in first-level dispatch; handler payload selectors unknown unless separately documented,AMISetBackupFlag,libipmiamioembackuprestore.so.13.3.0,g_BackupRst_CmdHndlr,plugin,0x00001320,0x00001320,0x04,Administrator,0x02,exactly 2 request payload bytes,0xffff,default/unrestricted branch,"GetLibMetaInfo record type 0x05, NetFn 0x32",/Volumes/xxx/src/me/git/zbmc/work/advantech-asmb787/unpacked/fw-filesystems/rootfs/usr/local/lib/libipmiamioembackuprestore.so.13.3.0 .dynsym/g_BackupRst_CmdHndlr + relocation at 0x00001324,c0f096abb9d145e4b10d0f261091f67eea76d27fa9aff329658de86ec3e3badf,high for registration/identity/layout; payload schema not implied,"runtime registered: exact feature token present; loader enable, dependencies, exported table, and table merge proved",backup_flags_u16le,cc,exact ASMB-787 handler decompilation,target-proven,mutates
0x32,0xe4,,no selector in first-level dispatch; handler payload selectors unknown unless separately documented,AMIGetBackupFlag,libipmiamioembackuprestore.so.13.3.0,g_BackupRst_CmdHndlr,plugin,0x00001320,0x00001330,0x02,User,0xff,variable/unconstrained by dispatcher,0xffff,default/unrestricted branch,"GetLibMetaInfo record type 0x05, NetFn 0x32",/Volumes/xxx/src/me/git/zbmc/work/advantech-asmb787/unpacked/fw-filesystems/rootfs/usr/local/lib/libipmiamioembackuprestore.so.13.3.0 .dynsym/g_BackupRst_CmdHndlr + relocation at 0x00001334,c0f096abb9d145e4b10d0f261091f67eea76d27fa9aff329658de86ec3e3badf,high for registration/identity/layout; payload schema not implied,"runtime registered: exact feature token present; loader enable, dependencies, exported table, and table merge proved",selector[;index],selector1:cc;flags;ipv6[16];selector2:cc;list metadata[67],exact ASMB-787 handler decompilation,target-proven,safe
0x32,0xe5,,no selector in first-level dispatch; handler payload selectors unknown unless separately documented,AMIManageBMCConfig,libipmiamioembackuprestore.so.13.3.0,g_BackupRst_CmdHndlr,plugin,0x00001320,0x00001340,0x04,Administrator,0xff,variable/unconstrained by dispatcher,0xffff,default/unrestricted branch,"GetLibMetaInfo record type 0x05, NetFn 0x32",/Volumes/xxx/src/me/git/zbmc/work/advantech-asmb787/unpacked/fw-filesystems/rootfs/usr/local/lib/libipmiamioembackuprestore.so.13.3.0 .dynsym/g_BackupRst_CmdHndlr + relocation at 0x00001344,c0f096abb9d145e4b10d0f261091f67eea76d27fa9aff329658de86ec3e3badf,high for registration/identity/layout; payload schema not implied,"runtime registered: exact feature token present; loader enable, dependencies, exported table, and table merge proved",operation;address_or_path,cc,exact ASMB-787 handler decompilation,target-proven,destructive
0x32,0xe6,,no selector in first-level dispatch; handler payload selectors unknown unless separately documented,AMIRestartWebService,libipmimsghndlr.so.13.22.0,g_AMI_CmdHndlr,core,0x0009db24,0x0009e004,0x04,Administrator,0x00,exactly 0 request payload bytes,0xffff,default/unrestricted branch,static PDK registration array + g_AMI_CmdHndlr,/Volumes/xxx/src/me/git/zbmc/work/advantech-asmb787/unpacked/fw-filesystems/rootfs/usr/local/lib/libipmimsghndlr.so.13.22.0 .dynsym/g_AMI_CmdHndlr + relocation at 0x0009e008,23e5b17be7125d100db9effea1772a57ee8ecd45da0569a5a331b8eb8d627539,high for registration/identity/layout; payload schema not implied,statically registered in owning dispatcher table,empty,cc,exact ASMB-787 handler decompilation,target-proven,mutates
0x32,0xe7,,no selector in first-level dispatch; handler payload selectors unknown unless separately documented,AMIGetPendStatus,libipmimsghndlr.so.13.22.0,g_AMI_CmdHndlr,core,0x0009db24,0x0009e014,0x03,Operator,0x04,exactly 4 request payload bytes,0xffff,default/unrestricted branch,static PDK registration array + g_AMI_CmdHndlr,/Volumes/xxx/src/me/git/zbmc/work/advantech-asmb787/unpacked/fw-filesystems/rootfs/usr/local/lib/libipmimsghndlr.so.13.22.0 .dynsym/g_AMI_CmdHndlr + relocation at 0x0009e018,23e5b17be7125d100db9effea1772a57ee8ecd45da0569a5a331b8eb8d627539,high for registration/identity/layout; payload schema not implied,statically registered in owning dispatcher table,operation:u32le,cc;pending_status:u8;error_code:u16le when status not idle/pending,exact ASMB-787 handler decompilation,target-proven,safe
0x32,0xe8,,no selector in first-level dispatch; handler payload selectors unknown unless separately documented,AMIFirmwareCommand,libipmimsghndlr.so.13.22.0,g_AMI_CmdHndlr,core,0x0009db24,0x0009de24,0x02,User,0xff,variable/unconstrained by dispatcher,0xffff,default/unrestricted branch,static PDK registration array + g_AMI_CmdHndlr,/Volumes/xxx/src/me/git/zbmc/work/advantech-asmb787/unpacked/fw-filesystems/rootfs/usr/local/lib/libipmimsghndlr.so.13.22.0 .dynsym/g_AMI_CmdHndlr + relocation at 0x0009de28,23e5b17be7125d100db9effea1772a57ee8ecd45da0569a5a331b8eb8d627539,high for registration/identity/layout; payload schema not implied,statically registered in owning dispatcher table,subcommand:u8;command_data:bytes[0..256],cc;subcommand response data,exact ASMB-787 handler decompilation,target-proven,mutates
0x32,0xe9,,no selector in first-level dispatch; handler payload selectors unknown unless separately documented,AMIGetReleaseNote,libipmimsghndlr.so.13.22.0,g_AMI_CmdHndlr,core,0x0009db24,0x0009de14,0x02,User,0x03,exactly 3 request payload bytes,0xffff,default/unrestricted branch,static PDK registration array + g_AMI_CmdHndlr,/Volumes/xxx/src/me/git/zbmc/work/advantech-asmb787/unpacked/fw-filesystems/rootfs/usr/local/lib/libipmimsghndlr.so.13.22.0 .dynsym/g_AMI_CmdHndlr + relocation at 0x0009de18,23e5b17be7125d100db9effea1772a57ee8ecd45da0569a5a331b8eb8d627539,high for registration/identity/layout; payload schema not implied,statically registered in owning dispatcher table,device_type:u8;offset:u16le,cc;next_offset:u16le;data_len:u16le;chunk:bytes[data_len<=128],exact ASMB-787 handler decompilation,target-proven,safe
0x32,0xec,,no selector in first-level dispatch; handler payload selectors unknown unless separately documented,AMISetSSLCert,libipmimsghndlr.so.13.22.0,g_AMI_CmdHndlr,core,0x0009db24,0x0009dfd4,0x04,Administrator,0xff,variable/unconstrained by dispatcher,0xffff,default/unrestricted branch,static PDK registration array + g_AMI_CmdHndlr,/Volumes/xxx/src/me/git/zbmc/work/advantech-asmb787/unpacked/fw-filesystems/rootfs/usr/local/lib/libipmimsghndlr.so.13.22.0 .dynsym/g_AMI_CmdHndlr + relocation at 0x0009dfd8,23e5b17be7125d100db9effea1772a57ee8ecd45da0569a5a331b8eb8d627539,high for registration/identity/layout; payload schema not implied,statically registered in owning dispatcher table,certificate_type:u8;chunk metadata + DER/PEM bytes,cc,exact ASMB-787 handler decompilation,target-proven,mutates
0x32,0xee,,no selector in first-level dispatch; handler payload selectors unknown unless separately documented,AMISwitchMUX,libipmimsghndlr.so.13.22.0,g_AMI_CmdHndlr,core,0x0009db24,0x0009e024,0x04,Administrator,0x01,exactly 1 request payload bytes,0xffff,default/unrestricted branch,static PDK registration array + g_AMI_CmdHndlr,/Volumes/xxx/src/me/git/zbmc/work/advantech-asmb787/unpacked/fw-filesystems/rootfs/usr/local/lib/libipmimsghndlr.so.13.22.0 .dynsym/g_AMI_CmdHndlr + relocation at 0x0009e028,23e5b17be7125d100db9effea1772a57ee8ecd45da0569a5a331b8eb8d627539,high for registration/identity/layout; payload schema not implied,statically registered in owning dispatcher table,mux_select:u8,cc,exact ASMB-787 handler decompilation,target-proven,mutates
0x32,0xef,,no selector in first-level dispatch; handler payload selectors unknown unless separately documented,AMIGetRAIDInfo,libipmiamioemraidinfo.so.13.0.0,g_RAIDInfo_CmdHndlr,plugin,0x0000f014,0x0000f014,0x03,Operator,0xff,variable/unconstrained by dispatcher,0xffff,default/unrestricted branch,"GetLibMetaInfo record type 0x05, NetFn 0x32",/Volumes/xxx/src/me/git/zbmc/work/advantech-asmb787/unpacked/fw-filesystems/rootfs/usr/local/lib/libipmiamioemraidinfo.so.13.0.0 .dynsym/g_RAIDInfo_CmdHndlr + relocation at 0x0000f018,6c2614b5973a68023d963402089f85ac41adf8930bfa6dd3a9f542e8be3b5ace,high for registration/identity/layout; payload schema not implied,"runtime registered: exact feature token present; loader enable, dependencies, exported table, and table merge proved",param;set_selector;block_selector;empty_data; param;set_selector;block_selector;selector_specific_data,cc;selector_specific_response,exact ASMB-787 handler decompilation,target-proven,destructive
0x32,0xf0,,no selector in first-level dispatch; handler payload selectors unknown unless separately documented,AMIPartialAddExtendSelEntries,libipmiamioemextendedsel.so.13.2.0,g_ExtSEL_CmdHndlr,plugin,0x000030e4,0x00003104,0x04,Administrator,0xff,variable/unconstrained by dispatcher,0xffff,default/unrestricted branch,"GetLibMetaInfo record type 0x05, NetFn 0x32",/Volumes/xxx/src/me/git/zbmc/work/advantech-asmb787/unpacked/fw-filesystems/rootfs/usr/local/lib/libipmiamioemextendedsel.so.13.2.0 .dynsym/g_ExtSEL_CmdHndlr + relocation at 0x00003108,8963fde4415c05318814d290f49843986d3dc6d31ca7430a4c22efbe40e4ea0b,high for registration/identity/layout; payload schema not implied,"runtime registered: exact feature token present; loader enable, dependencies, exported table, and table merge proved",reservation_u16le;record_id_u16le;offset_u16le;progress_nibble;chunk,cc;record_id_u16le,exact ASMB-787 handler decompilation,target-proven,mutates
0x32,0xf1,,no selector in first-level dispatch; handler payload selectors unknown unless separately documented,AMIPartialGetExtendSelEntries,libipmiamioemextendedsel.so.13.2.0,g_ExtSEL_CmdHndlr,plugin,0x000030e4,0x00003114,0x04,Administrator,0xff,variable/unconstrained by dispatcher,0xffff,default/unrestricted branch,"GetLibMetaInfo record type 0x05, NetFn 0x32",/Volumes/xxx/src/me/git/zbmc/work/advantech-asmb787/unpacked/fw-filesystems/rootfs/usr/local/lib/libipmiamioemextendedsel.so.13.2.0 .dynsym/g_ExtSEL_CmdHndlr + relocation at 0x00003118,8963fde4415c05318814d290f49843986d3dc6d31ca7430a4c22efbe40e4ea0b,high for registration/identity/layout; payload schema not implied,"runtime registered: exact feature token present; loader enable, dependencies, exported table, and table merge proved",record_id_u16le;offset_u16le,cc;data_size_u16le;progress;remaining_u16le;data,exact ASMB-787 handler decompilation,target-proven,safe
0x32,0xf3,,no selector in first-level dispatch; handler payload selectors unknown unless separately documented,AMIGetRecoveryInfo,libipmiamioemfirmwarerecovery.so.13.1.0,g_FirmwareRecovery_CmdHndlr,plugin,0x00000f4c,0x00000f4c,0x03,Operator,0x02,exactly 2 request payload bytes,0xffff,default/unrestricted branch,"GetLibMetaInfo record type 0x05, NetFn 0x32",/Volumes/xxx/src/me/git/zbmc/work/advantech-asmb787/unpacked/fw-filesystems/rootfs/usr/local/lib/libipmiamioemfirmwarerecovery.so.13.1.0 .dynsym/g_FirmwareRecovery_CmdHndlr + relocation at 0x00000f50,36a9e52761841bc50265b9b1495691c44de5b3f3e0d40bee755990574149276d,high for registration/identity/layout; payload schema not implied,"runtime registered: exact feature token present; loader enable, dependencies, exported table, and table merge proved",selector;block_selector=0,cc;selector-dependent value,exact ASMB-787 handler decompilation,target-proven,safe
0x32,0xf4,,no selector in first-level dispatch; handler payload selectors unknown unless separately documented,AMISetRecoveryInfo,libipmiamioemfirmwarerecovery.so.13.1.0,g_FirmwareRecovery_CmdHndlr,plugin,0x00000f4c,0x00000f5c,0x03,Operator,0xff,variable/unconstrained by dispatcher,0xffff,default/unrestricted branch,"GetLibMetaInfo record type 0x05, NetFn 0x32",/Volumes/xxx/src/me/git/zbmc/work/advantech-asmb787/unpacked/fw-filesystems/rootfs/usr/local/lib/libipmiamioemfirmwarerecovery.so.13.1.0 .dynsym/g_FirmwareRecovery_CmdHndlr + relocation at 0x00000f60,36a9e52761841bc50265b9b1495691c44de5b3f3e0d40bee755990574149276d,high for registration/identity/layout; payload schema not implied,"runtime registered: exact feature token present; loader enable, dependencies, exported table, and table merge proved",selector;block_selector=0;selector-dependent value,cc,exact ASMB-787 handler decompilation,target-proven,destructive
0x32,0xfb,,no selector in first-level dispatch; handler payload selectors unknown unless separately documented,GetActiveSessionCount,libipmiamioemsmashlitecorecmds.so.13.0.0,g_SMASHLITE_CmdHndlr,plugin,0x00000aac,0x00000aac,0x03,Operator,0x00,exactly 0 request payload bytes,0xffff,default/unrestricted branch,"GetLibMetaInfo record type 0x05, NetFn 0x32",/Volumes/xxx/src/me/git/zbmc/work/advantech-asmb787/unpacked/fw-filesystems/rootfs/usr/local/lib/libipmiamioemsmashlitecorecmds.so.13.0.0 .dynsym/g_SMASHLITE_CmdHndlr + relocation at 0x00000ab0,185edab3b605d061132b61a234916e658ab8c38eeb60bf91b2aa9779f3362bac,high for registration/identity/layout; payload schema not implied,"runtime registered: exact feature token present; loader enable, dependencies, exported table, and table merge proved",empty,cc;session_count_u16le,exact ASMB-787 handler decompilation,target-proven,safe
0x32,0xfc,,no selector in first-level dispatch; handler payload selectors unknown unless separately documented,SetActiveSessionCount,libipmiamioemsmashlitecorecmds.so.13.0.0,g_SMASHLITE_CmdHndlr,plugin,0x00000aac,0x00000abc,0x82,special/raw 0x82,0x02,exactly 2 request payload bytes,0xffff,default/unrestricted branch,"GetLibMetaInfo record type 0x05, NetFn 0x32",/Volumes/xxx/src/me/git/zbmc/work/advantech-asmb787/unpacked/fw-filesystems/rootfs/usr/local/lib/libipmiamioemsmashlitecorecmds.so.13.0.0 .dynsym/g_SMASHLITE_CmdHndlr + relocation at 0x00000ac0,185edab3b605d061132b61a234916e658ab8c38eeb60bf91b2aa9779f3362bac,high for registration/identity/layout; payload schema not implied,"runtime registered: exact feature token present; loader enable, dependencies, exported table, and table merge proved",session_count_u16le,cc,exact ASMB-787 handler decompilation,target-proven,mutates
0x32,0xfd,,no selector in first-level dispatch; handler payload selectors unknown unless separately documented,GetSysHealthFirmwareANDPowerCycle,libipmiamioemsmashlitecorecmds.so.13.0.0,g_SMASHLITE_CmdHndlr,plugin,0x00000aac,0x00000acc,0x02,User,0x00,exactly 0 request payload bytes,0xffff,default/unrestricted branch,"GetLibMetaInfo record type 0x05, NetFn 0x32",/Volumes/xxx/src/me/git/zbmc/work/advantech-asmb787/unpacked/fw-filesystems/rootfs/usr/local/lib/libipmiamioemsmashlitecorecmds.so.13.0.0 .dynsym/g_SMASHLITE_CmdHndlr + relocation at 0x00000ad0,185edab3b605d061132b61a234916e658ab8c38eeb60bf91b2aa9779f3362bac,high for registration/identity/layout; payload schema not implied,"runtime registered: exact feature token present; loader enable, dependencies, exported table, and table merge proved",empty,cc;overall_health;power_cycle_interval;firmware_version[254],exact ASMB-787 handler decompilation,target-proven,safe
0x3a,0x01,,no selector in first-level dispatch; handler payload selectors unknown unless separately documented,PDK_SDRGetNominalReading,libipmipdkcmds.so.6.0.0,g_Oem_ASMB260_CmdHndlr,platform,0x00013080,0x00013080,0x04,Administrator,0x01,exactly 1 request payload bytes,0xffff,default/unrestricted branch,libipmipdkcmds static registration array: 0x3a,/Volumes/xxx/src/me/git/zbmc/work/advantech-asmb787/unpacked/fw-filesystems/rootfs/usr/local/lib/libipmipdkcmds.so.6.0.0 .dynsym/g_Oem_ASMB260_CmdHndlr + relocation at 0x00013084,c6c84c3e72f5dcb72cf2c9f4caa91c04ded88f28f5a64aeeea95f44d0e4591b0,high for registration/identity/layout; payload schema not implied,statically registered in owning dispatcher table,sensor,cc;nominal,exact ASMB-787 handler decompilation,target-proven,safe
0x3a,0x02,,no selector in first-level dispatch; handler payload selectors unknown unless separately documented,PDK_SDRGetAnalogFlags,libipmipdkcmds.so.6.0.0,g_Oem_ASMB260_CmdHndlr,platform,0x00013080,0x00013090,0x04,Administrator,0x01,exactly 1 request payload bytes,0xffff,default/unrestricted branch,libipmipdkcmds static registration array: 0x3a,/Volumes/xxx/src/me/git/zbmc/work/advantech-asmb787/unpacked/fw-filesystems/rootfs/usr/local/lib/libipmipdkcmds.so.6.0.0 .dynsym/g_Oem_ASMB260_CmdHndlr + relocation at 0x00013094,c6c84c3e72f5dcb72cf2c9f4caa91c04ded88f28f5a64aeeea95f44d0e4591b0,high for registration/identity/layout; payload schema not implied,statically registered in owning dispatcher table,sensor,cc;analog_flags,exact ASMB-787 handler decompilation,target-proven,safe
