netfn,cmd,handler,module,dispatch_request_length,request_type,response_type,type_source,request_layout,response_layout,wire_endianness,completion_code,confidence,unresolved,source_artifact_uuid,source_package_sha256
0x30,0x01,ControlMEUpdate,libipmipdkcmds.so.6.0.0,exactly 2 request payload bytes,,,,,,"packed bytes; 8-bit endian-neutral; multi-byte native little-endian on exact ARM ELF, but handler cast/copy not proved by header alone",not established by available response struct,high dispatch identity/length; wire schema unresolved,request struct; response struct,a726253a-edfa-5f2e-baa0-4c1d31af48ab,f30eca169da646fc19c3dbbc4620efadc9dacd538dd7e1cfe498cee165450688
0x30,0x02,LockInputs,libipmipdkcmds.so.6.0.0,exactly 1 request payload bytes,,,,,,"packed bytes; 8-bit endian-neutral; multi-byte native little-endian on exact ARM ELF, but handler cast/copy not proved by header alone",not established by available response struct,high dispatch identity/length; wire schema unresolved,request struct; response struct,a726253a-edfa-5f2e-baa0-4c1d31af48ab,f30eca169da646fc19c3dbbc4620efadc9dacd538dd7e1cfe498cee165450688
0x30,0x03,ControlSysErrLED,libipmipdkcmds.so.6.0.0,exactly 1 request payload bytes,,,,,,"packed bytes; 8-bit endian-neutral; multi-byte native little-endian on exact ARM ELF, but handler cast/copy not proved by header alone",not established by available response struct,high dispatch identity/length; wire schema unresolved,request struct; response struct,a726253a-edfa-5f2e-baa0-4c1d31af48ab,f30eca169da646fc19c3dbbc4620efadc9dacd538dd7e1cfe498cee165450688
0x30,0x04,GetPlatformID,libipmipdkcmds.so.6.0.0,exactly 0 request payload bytes,,,,,,"packed bytes; 8-bit endian-neutral; multi-byte native little-endian on exact ARM ELF, but handler cast/copy not proved by header alone",not established by available response struct,high dispatch identity/length; wire schema unresolved,response struct,a726253a-edfa-5f2e-baa0-4c1d31af48ab,f30eca169da646fc19c3dbbc4620efadc9dacd538dd7e1cfe498cee165450688
0x30,0x05,AMIPingFeature,libipmipdkcmds.so.6.0.0,exactly 1 request payload bytes,,,,,,"packed bytes; 8-bit endian-neutral; multi-byte native little-endian on exact ARM ELF, but handler cast/copy not proved by header alone",not established by available response struct,high dispatch identity/length; wire schema unresolved,request struct; response struct,a726253a-edfa-5f2e-baa0-4c1d31af48ab,f30eca169da646fc19c3dbbc4620efadc9dacd538dd7e1cfe498cee165450688
0x32,0x01,AMIYAFUGetFlashInfo,libipmimsghndlr.so.13.22.0,exactly 12 request payload bytes,AMIYAFUGetFlashInfoReq_T,AMIYAFUGetFlashInfoRes_T,ipmi_dev-3.177.0-ARM.spx/IPMI_AMIDevice.h:518 | ipmi_dev-3.177.0-ARM.spx/IPMI_AMIDevice.h:544,struct AMIYAFUGetFlashInfoReq_T PACKED { YafuHeader FlashInfoReq; },struct AMIYAFUGetFlashInfoRes_T PACKED { INT8U CompletionCode; YafuHeader FlashInfoRes; FlashDetails FlashInfo; },"packed bytes; 8-bit endian-neutral; multi-byte native little-endian on exact ARM ELF, but handler cast/copy not proved by header alone",response byte 0 is INT8U CompletionCode,medium: sibling AMI SP-X command header; dispatch identity/length high,,a726253a-edfa-5f2e-baa0-4c1d31af48ab,f30eca169da646fc19c3dbbc4620efadc9dacd538dd7e1cfe498cee165450688
0x32,0x02,AMIYAFUGetFirmwareInfo,libipmimsghndlr.so.13.22.0,exactly 12 request payload bytes,AMIYAFUGetFirmwareInfoReq_T,AMIYAFUGetFirmwareInfoRes_T,ipmi_dev-3.177.0-ARM.spx/IPMI_AMIDevice.h:556 | ipmi_dev-3.177.0-ARM.spx/IPMI_AMIDevice.h:583,struct AMIYAFUGetFirmwareInfoReq_T PACKED { YafuHeader FirmwareinfoReq; },struct AMIYAFUGetFirmwareInfoRes_T PACKED { INT8U CompletionCode; YafuHeader FirmwareinfoRes; FirmInfo FirmwareInfo; },"packed bytes; 8-bit endian-neutral; multi-byte native little-endian on exact ARM ELF, but handler cast/copy not proved by header alone",response byte 0 is INT8U CompletionCode,medium: sibling AMI SP-X command header; dispatch identity/length high,,a726253a-edfa-5f2e-baa0-4c1d31af48ab,f30eca169da646fc19c3dbbc4620efadc9dacd538dd7e1cfe498cee165450688
0x32,0x03,AMIYAFUGetFMHInfo,libipmimsghndlr.so.13.22.0,exactly 12 request payload bytes,AMIYAFUGetFMHInfoReq_T,AMIYAFUGetFMHInfoRes_T,ipmi_dev-3.177.0-ARM.spx/IPMI_AMIDevice.h:596 | ipmi_dev-3.177.0-ARM.spx/IPMI_AMIDevice.h:606,struct AMIYAFUGetFMHInfoReq_T PACKED { YafuHeader FMHReq; },struct AMIYAFUGetFMHInfoRes_T PACKED { INT8U CompletionCode; YafuHeader FMHRes; INT16U Reserved; INT16U NumFMH; },"packed bytes; 8-bit endian-neutral; multi-byte native little-endian on exact ARM ELF, but handler cast/copy not proved by header alone",response byte 0 is INT8U CompletionCode,medium: sibling AMI SP-X command header; dispatch identity/length high,,a726253a-edfa-5f2e-baa0-4c1d31af48ab,f30eca169da646fc19c3dbbc4620efadc9dacd538dd7e1cfe498cee165450688
0x32,0x04,AMIYAFUGetStatus,libipmimsghndlr.so.13.22.0,exactly 12 request payload bytes,AMIYAFUGetStatusReq_T,AMIYAFUGetStatusRes_T,ipmi_dev-3.177.0-ARM.spx/IPMI_AMIDevice.h:620 | ipmi_dev-3.177.0-ARM.spx/IPMI_AMIDevice.h:631,struct AMIYAFUGetStatusReq_T PACKED { YafuHeader GetStatusReq; },struct AMIYAFUGetStatusRes_T PACKED { INT8U CompletionCode; YafuHeader GetStatusRes; INT16U LastStatusCode; INT16U YAFUState; INT16U Mode; INT16U Reserved; INT8U Message[65]; },"packed bytes; 8-bit endian-neutral; multi-byte native little-endian on exact ARM ELF, but handler cast/copy not proved by header alone",response byte 0 is INT8U CompletionCode,medium: sibling AMI SP-X command header; dispatch identity/length high,,a726253a-edfa-5f2e-baa0-4c1d31af48ab,f30eca169da646fc19c3dbbc4620efadc9dacd538dd7e1cfe498cee165450688
0x32,0x10,AMIYAFUActivateFlashMode,libipmimsghndlr.so.13.22.0,variable/unconstrained by dispatcher,AMIYAFUActivateFlashModeReq_T,AMIYAFUActivateFlashModeRes_T,ipmi_dev-3.177.0-ARM.spx/IPMI_AMIDevice.h:647 | ipmi_dev-3.177.0-ARM.spx/IPMI_AMIDevice.h:657,struct AMIYAFUActivateFlashModeReq_T PACKED { YafuHeader ActivateflashReq; INT16U Mode; },struct AMIYAFUActivateFlashModeRes_T PACKED { INT8U CompletionCode; YafuHeader ActivateflashRes; INT8U Delay; },"packed bytes; 8-bit endian-neutral; multi-byte native little-endian on exact ARM ELF, but handler cast/copy not proved by header alone",response byte 0 is INT8U CompletionCode,medium: sibling AMI SP-X command header; dispatch identity/length high,,a726253a-edfa-5f2e-baa0-4c1d31af48ab,f30eca169da646fc19c3dbbc4620efadc9dacd538dd7e1cfe498cee165450688
0x32,0x11,AMIGetSSHConf,libipmiamioemsshconf.so.13.0.0,variable/unconstrained by dispatcher,AMIGetSSHConfReq_T,AMIGetSSHConfRes_T,ipmi_dev-3.177.0-ARM.spx/IPMI_AMISSHConf.h:54 | ipmi_dev-3.177.0-ARM.spx/IPMI_AMISSHConf.h:59,struct AMIGetSSHConfReq_T PACKED { INT8U Param; },struct AMIGetSSHConfRes_T PACKED { INT8U CompletionCode; AMISSHConf_T Conf; },"packed bytes; 8-bit endian-neutral; multi-byte native little-endian on exact ARM ELF, but handler cast/copy not proved by header alone",response byte 0 is INT8U CompletionCode,medium: sibling AMI SP-X command header; dispatch identity/length high,,a726253a-edfa-5f2e-baa0-4c1d31af48ab,f30eca169da646fc19c3dbbc4620efadc9dacd538dd7e1cfe498cee165450688
0x32,0x12,AMISetSSHConf,libipmiamioemsshconf.so.13.0.0,variable/unconstrained by dispatcher,AMISetSSHConfReq_T,AMISetSSHConfRes_T,ipmi_dev-3.177.0-ARM.spx/IPMI_AMISSHConf.h:65 | ipmi_dev-3.177.0-ARM.spx/IPMI_AMISSHConf.h:71,struct AMISetSSHConfReq_T PACKED { INT8U Param; AMISSHConf_T Conf; },struct AMISetSSHConfRes_T PACKED { INT8U CompletionCode; },"packed bytes; 8-bit endian-neutral; multi-byte native little-endian on exact ARM ELF, but handler cast/copy not proved by header alone",response byte 0 is INT8U CompletionCode,medium: sibling AMI SP-X command header; dispatch identity/length high,,a726253a-edfa-5f2e-baa0-4c1d31af48ab,f30eca169da646fc19c3dbbc4620efadc9dacd538dd7e1cfe498cee165450688
0x32,0x18,AMIGetRMediaCfg,libipmiamioemris.so.13.0.0,exactly 1 request payload bytes,,,,,,"packed bytes; 8-bit endian-neutral; multi-byte native little-endian on exact ARM ELF, but handler cast/copy not proved by header alone",not established by available response struct,high dispatch identity/length; wire schema unresolved,request struct; response struct,a726253a-edfa-5f2e-baa0-4c1d31af48ab,f30eca169da646fc19c3dbbc4620efadc9dacd538dd7e1cfe498cee165450688
0x32,0x19,AMISetRMediaCfg,libipmiamioemris.so.13.0.0,variable/unconstrained by dispatcher,,,,,,"packed bytes; 8-bit endian-neutral; multi-byte native little-endian on exact ARM ELF, but handler cast/copy not proved by header alone",not established by available response struct,high dispatch identity/length; wire schema unresolved,request struct; response struct,a726253a-edfa-5f2e-baa0-4c1d31af48ab,f30eca169da646fc19c3dbbc4620efadc9dacd538dd7e1cfe498cee165450688
0x32,0x1e,AMIYAFUGetImgSize,libipmimsghndlr.so.13.22.0,exactly 2 request payload bytes,,,,,,"packed bytes; 8-bit endian-neutral; multi-byte native little-endian on exact ARM ELF, but handler cast/copy not proved by header alone",not established by available response struct,high dispatch identity/length; wire schema unresolved,request struct; response struct,a726253a-edfa-5f2e-baa0-4c1d31af48ab,f30eca169da646fc19c3dbbc4620efadc9dacd538dd7e1cfe498cee165450688
0x32,0x20,AMIYAFUAllocateMemory,libipmimsghndlr.so.13.22.0,exactly 16 request payload bytes,AMIYAFUAllocateMemoryReq_T,AMIYAFUAllocateMemoryRes_T,ipmi_dev-3.177.0-ARM.spx/IPMI_AMIDevice.h:705 | ipmi_dev-3.177.0-ARM.spx/IPMI_AMIDevice.h:717,struct AMIYAFUAllocateMemoryReq_T PACKED { YafuHeader AllocmemReq; uint32 Sizeofmemtoalloc; },struct AMIYAFUAllocateMemoryRes_T PACKED { INT8U CompletionCode; YafuHeader AllocmemRes; uint32 Addofallocmem; },"packed bytes; 8-bit endian-neutral; multi-byte native little-endian on exact ARM ELF, but handler cast/copy not proved by header alone",response byte 0 is INT8U CompletionCode,medium: sibling AMI SP-X command header; dispatch identity/length high,,a726253a-edfa-5f2e-baa0-4c1d31af48ab,f30eca169da646fc19c3dbbc4620efadc9dacd538dd7e1cfe498cee165450688
0x32,0x21,AMIYAFUFreeMemory,libipmimsghndlr.so.13.22.0,exactly 16 request payload bytes,AMIYAFUFreeMemoryReq_T,AMIYAFUFreeMemoryRes_T,ipmi_dev-3.177.0-ARM.spx/IPMI_AMIDevice.h:730 | ipmi_dev-3.177.0-ARM.spx/IPMI_AMIDevice.h:741,struct AMIYAFUFreeMemoryReq_T PACKED { YafuHeader FreememReq; uint32 AddrtobeFreed; },struct AMIYAFUFreeMemoryRes_T PACKED { INT8U CompletionCode; YafuHeader FreememRes; INT8U Status; },"packed bytes; 8-bit endian-neutral; multi-byte native little-endian on exact ARM ELF, but handler cast/copy not proved by header alone",response byte 0 is INT8U CompletionCode,medium: sibling AMI SP-X command header; dispatch identity/length high,,a726253a-edfa-5f2e-baa0-4c1d31af48ab,f30eca169da646fc19c3dbbc4620efadc9dacd538dd7e1cfe498cee165450688
0x32,0x22,AMIYAFUReadFlash,libipmimsghndlr.so.13.22.0,variable/unconstrained by dispatcher,AMIYAFUReadFlashReq_T,AMIYAFUReadFlashRes_T,ipmi_dev-3.177.0-ARM.spx/IPMI_AMIDevice.h:753 | ipmi_dev-3.177.0-ARM.spx/IPMI_AMIDevice.h:766,struct AMIYAFUReadFlashReq_T PACKED { YafuHeader ReadFlashReq; uint32 offsettoread; INT8U Readwidth; uint32 Sizetoread; },struct AMIYAFUReadFlashRes_T PACKED { INT8U CompletionCode; YafuHeader ReadFlashRes; },"packed bytes; 8-bit endian-neutral; multi-byte native little-endian on exact ARM ELF, but handler cast/copy not proved by header alone",response byte 0 is INT8U CompletionCode,medium: sibling AMI SP-X command header; dispatch identity/length high,,a726253a-edfa-5f2e-baa0-4c1d31af48ab,f30eca169da646fc19c3dbbc4620efadc9dacd538dd7e1cfe498cee165450688
0x32,0x23,AMIYAFUWriteFlash,libipmimsghndlr.so.13.22.0,variable/unconstrained by dispatcher,AMIYAFUWriteFlashReq_T,AMIYAFUWriteFlashRes_T,ipmi_dev-3.177.0-ARM.spx/IPMI_AMIDevice.h:778 | ipmi_dev-3.177.0-ARM.spx/IPMI_AMIDevice.h:792,struct AMIYAFUWriteFlashReq_T PACKED { YafuHeader WriteFlashReq; uint32 offsettowrite; INT8U Writewidth; },struct AMIYAFUWriteFlashRes_T PACKED { INT8U CompletionCode; YafuHeader WriteFlashRes; INT16U SizeWritten; },"packed bytes; 8-bit endian-neutral; multi-byte native little-endian on exact ARM ELF, but handler cast/copy not proved by header alone",response byte 0 is INT8U CompletionCode,medium: sibling AMI SP-X command header; dispatch identity/length high,,a726253a-edfa-5f2e-baa0-4c1d31af48ab,f30eca169da646fc19c3dbbc4620efadc9dacd538dd7e1cfe498cee165450688
0x32,0x24,AMIYAFUEraseFlash,libipmimsghndlr.so.13.22.0,exactly 16 request payload bytes,AMIYAFUErashFlashReq_T,AMIYAFUErashFlashRes_T,ipmi_dev-3.177.0-ARM.spx/IPMI_AMIDevice.h:803 | ipmi_dev-3.177.0-ARM.spx/IPMI_AMIDevice.h:815,struct AMIYAFUErashFlashReq_T PACKED { YafuHeader EraseFlashReq; uint32 Blknumtoerase; },struct AMIYAFUErashFlashRes_T PACKED { INT8U CompletionCode; YafuHeader EraseFlashRes; INT8U Status; },"packed bytes; 8-bit endian-neutral; multi-byte native little-endian on exact ARM ELF, but handler cast/copy not proved by header alone",response byte 0 is INT8U CompletionCode,medium: sibling AMI SP-X command header; dispatch identity/length high,,a726253a-edfa-5f2e-baa0-4c1d31af48ab,f30eca169da646fc19c3dbbc4620efadc9dacd538dd7e1cfe498cee165450688
0x32,0x25,AMIYAFUProtectFlash,libipmimsghndlr.so.13.22.0,exactly 17 request payload bytes,AMIYAFUProtectFlashReq_T,AMIYAFUProtectFlashRes_T,ipmi_dev-3.177.0-ARM.spx/IPMI_AMIDevice.h:827 | ipmi_dev-3.177.0-ARM.spx/IPMI_AMIDevice.h:839,struct AMIYAFUProtectFlashReq_T PACKED { YafuHeader ProtectFlashReq; uint32 Blknum; INT8U Protect; },struct AMIYAFUProtectFlashRes_T PACKED { INT8U CompletionCode; YafuHeader ProtectFlashRes; INT8U Status; },"packed bytes; 8-bit endian-neutral; multi-byte native little-endian on exact ARM ELF, but handler cast/copy not proved by header alone",response byte 0 is INT8U CompletionCode,medium: sibling AMI SP-X command header; dispatch identity/length high,,a726253a-edfa-5f2e-baa0-4c1d31af48ab,f30eca169da646fc19c3dbbc4620efadc9dacd538dd7e1cfe498cee165450688
0x32,0x26,AMIYAFUEraseCopyFlash,libipmimsghndlr.so.13.22.0,exactly 24 request payload bytes,AMIYAFUEraseCopyFlashReq_T,AMIYAFUEraseCopyFlashRes_T,ipmi_dev-3.177.0-ARM.spx/IPMI_AMIDevice.h:851 | ipmi_dev-3.177.0-ARM.spx/IPMI_AMIDevice.h:863,struct AMIYAFUEraseCopyFlashReq_T PACKED { YafuHeader EraseCpyFlashReq; uint32 Memoffset; uint32 Flashoffset; uint32 Sizetocopy; },struct AMIYAFUEraseCopyFlashRes_T PACKED { INT8U CompletionCode; YafuHeader EraseCpyFlashRes; uint32 Sizecopied; },"packed bytes; 8-bit endian-neutral; multi-byte native little-endian on exact ARM ELF, but handler cast/copy not proved by header alone",response byte 0 is INT8U CompletionCode,medium: sibling AMI SP-X command header; dispatch identity/length high,,a726253a-edfa-5f2e-baa0-4c1d31af48ab,f30eca169da646fc19c3dbbc4620efadc9dacd538dd7e1cfe498cee165450688
0x32,0x27,AMIYAFUVerifyFlash,libipmimsghndlr.so.13.22.0,exactly 24 request payload bytes,AMIYAFUVerifyFlashReq_T,AMIYAFUVerifyFlashRes_T,ipmi_dev-3.177.0-ARM.spx/IPMI_AMIDevice.h:897 | ipmi_dev-3.177.0-ARM.spx/IPMI_AMIDevice.h:910,struct AMIYAFUVerifyFlashReq_T PACKED { YafuHeader VerifyFlashReq; uint32 Memoffset; uint32 Flashoffset; uint32 Sizetoverify; },struct AMIYAFUVerifyFlashRes_T PACKED { INT8U CompletionCode; YafuHeader VerifyFlashRes; uint32 Offset; },"packed bytes; 8-bit endian-neutral; multi-byte native little-endian on exact ARM ELF, but handler cast/copy not proved by header alone",response byte 0 is INT8U CompletionCode,medium: sibling AMI SP-X command header; dispatch identity/length high,,a726253a-edfa-5f2e-baa0-4c1d31af48ab,f30eca169da646fc19c3dbbc4620efadc9dacd538dd7e1cfe498cee165450688
0x32,0x28,AMIYAFUGetECFStatus,libipmimsghndlr.so.13.22.0,exactly 12 request payload bytes,AMIYAFUGetECFStatusReq_T,AMIYAFUGetECFStatusRes_T,ipmi_dev-3.177.0-ARM.spx/IPMI_AMIDevice.h:875 | ipmi_dev-3.177.0-ARM.spx/IPMI_AMIDevice.h:885,struct AMIYAFUGetECFStatusReq_T PACKED { YafuHeader GetECFStatusReq; },struct AMIYAFUGetECFStatusRes_T PACKED { INT8U CompletionCode; YafuHeader GetECFStatusRes; uint32 Status; INT16U Progress; },"packed bytes; 8-bit endian-neutral; multi-byte native little-endian on exact ARM ELF, but handler cast/copy not proved by header alone",response byte 0 is INT8U CompletionCode,medium: sibling AMI SP-X command header; dispatch identity/length high,,a726253a-edfa-5f2e-baa0-4c1d31af48ab,f30eca169da646fc19c3dbbc4620efadc9dacd538dd7e1cfe498cee165450688
0x32,0x29,AMIYAFUGetVerifyStatus,libipmimsghndlr.so.13.22.0,exactly 12 request payload bytes,AMIYAFUGetVerifyStatusReq_T,AMIYAFUGetVerifyStatusRes_T,ipmi_dev-3.177.0-ARM.spx/IPMI_AMIDevice.h:921 | ipmi_dev-3.177.0-ARM.spx/IPMI_AMIDevice.h:931,struct AMIYAFUGetVerifyStatusReq_T PACKED { YafuHeader GetVerifyStatusReq; },struct AMIYAFUGetVerifyStatusRes_T PACKED { INT8U CompletionCode; YafuHeader GetVerifyStatusRes; uint32 Status; uint32 Offset; INT16U Progress; },"packed bytes; 8-bit endian-neutral; multi-byte native little-endian on exact ARM ELF, but handler cast/copy not proved by header alone",response byte 0 is INT8U CompletionCode,medium: sibling AMI SP-X command header; dispatch identity/length high,,a726253a-edfa-5f2e-baa0-4c1d31af48ab,f30eca169da646fc19c3dbbc4620efadc9dacd538dd7e1cfe498cee165450688
0x32,0x2a,AMIAccessRedisDB,libipmiamioemaccessredis.so.13.1.0,variable/unconstrained by dispatcher,,,,,,"packed bytes; 8-bit endian-neutral; multi-byte native little-endian on exact ARM ELF, but handler cast/copy not proved by header alone",not established by available response struct,high dispatch identity/length; wire schema unresolved,request struct; response struct,a726253a-edfa-5f2e-baa0-4c1d31af48ab,f30eca169da646fc19c3dbbc4620efadc9dacd538dd7e1cfe498cee165450688
0x32,0x2b,AMISetPswdChangeStatus,libipmimsghndlr.so.13.22.0,exactly 1 request payload bytes,,,,,,"packed bytes; 8-bit endian-neutral; multi-byte native little-endian on exact ARM ELF, but handler cast/copy not proved by header alone",not established by available response struct,high dispatch identity/length; wire schema unresolved,request struct; response struct,a726253a-edfa-5f2e-baa0-4c1d31af48ab,f30eca169da646fc19c3dbbc4620efadc9dacd538dd7e1cfe498cee165450688
0x32,0x30,AMIYAFUReadMemory,libipmimsghndlr.so.13.22.0,exactly 19 request payload bytes,AMIYAFUReadMemoryReq_T,AMIYAFUReadMemoryRes_T,ipmi_dev-3.177.0-ARM.spx/IPMI_AMIDevice.h:944 | ipmi_dev-3.177.0-ARM.spx/IPMI_AMIDevice.h:957,struct AMIYAFUReadMemoryReq_T PACKED { YafuHeader ReadMemReq; uint32 Memoffset; INT8U ReadWidth; INT16U Sizetoread; },struct AMIYAFUReadMemoryRes_T PACKED { INT8U CompletionCode; YafuHeader ReadMemRes; },"packed bytes; 8-bit endian-neutral; multi-byte native little-endian on exact ARM ELF, but handler cast/copy not proved by header alone",response byte 0 is INT8U CompletionCode,medium: sibling AMI SP-X command header; dispatch identity/length high,,a726253a-edfa-5f2e-baa0-4c1d31af48ab,f30eca169da646fc19c3dbbc4620efadc9dacd538dd7e1cfe498cee165450688
0x32,0x31,AMIYAFUWriteMemory,libipmimsghndlr.so.13.22.0,variable/unconstrained by dispatcher,AMIYAFUWriteMemoryReq_T,AMIYAFUWriteMemoryRes_T,ipmi_dev-3.177.0-ARM.spx/IPMI_AMIDevice.h:968 | ipmi_dev-3.177.0-ARM.spx/IPMI_AMIDevice.h:980,struct AMIYAFUWriteMemoryReq_T PACKED { YafuHeader WriteMemReq; uint32 Memoffset; INT8U WriteWidth; },struct AMIYAFUWriteMemoryRes_T PACKED { INT8U CompletionCode; YafuHeader WriteMemRes; INT16U SizeWritten; },"packed bytes; 8-bit endian-neutral; multi-byte native little-endian on exact ARM ELF, but handler cast/copy not proved by header alone",response byte 0 is INT8U CompletionCode,medium: sibling AMI SP-X command header; dispatch identity/length high,,a726253a-edfa-5f2e-baa0-4c1d31af48ab,f30eca169da646fc19c3dbbc4620efadc9dacd538dd7e1cfe498cee165450688
0x32,0x32,AMIYAFUCopyMemory,libipmimsghndlr.so.13.22.0,exactly 24 request payload bytes,AMIYAFUCopyMemoryReq_T,AMIYAFUCopyMemoryRes_T,ipmi_dev-3.177.0-ARM.spx/IPMI_AMIDevice.h:992 | ipmi_dev-3.177.0-ARM.spx/IPMI_AMIDevice.h:1005,struct AMIYAFUCopyMemoryReq_T PACKED { YafuHeader CopyMemReq; uint32 MemoffsetSrc; uint32 MemoffsetDest; uint32 Sizetocopy; },struct AMIYAFUCopyMemoryRes_T PACKED { INT8U CompletionCode; YafuHeader CopyMemRes; uint32 Sizecopied; },"packed bytes; 8-bit endian-neutral; multi-byte native little-endian on exact ARM ELF, but handler cast/copy not proved by header alone",response byte 0 is INT8U CompletionCode,medium: sibling AMI SP-X command header; dispatch identity/length high,,a726253a-edfa-5f2e-baa0-4c1d31af48ab,f30eca169da646fc19c3dbbc4620efadc9dacd538dd7e1cfe498cee165450688
0x32,0x33,AMIYAFUCompareMemory,libipmimsghndlr.so.13.22.0,exactly 24 request payload bytes,AMIYAFUCompareMemoryReq_T,AMIYAFUCompareMemoryRes_T,ipmi_dev-3.177.0-ARM.spx/IPMI_AMIDevice.h:1017 | ipmi_dev-3.177.0-ARM.spx/IPMI_AMIDevice.h:1030,struct AMIYAFUCompareMemoryReq_T PACKED { YafuHeader CmpMemReq; uint32 Memoffset1; uint32 Memoffset2; uint32 SizetoCmp; },struct AMIYAFUCompareMemoryRes_T PACKED { INT8U CompletionCode; YafuHeader CmpMemRes; uint32 Offset; },"packed bytes; 8-bit endian-neutral; multi-byte native little-endian on exact ARM ELF, but handler cast/copy not proved by header alone",response byte 0 is INT8U CompletionCode,medium: sibling AMI SP-X command header; dispatch identity/length high,,a726253a-edfa-5f2e-baa0-4c1d31af48ab,f30eca169da646fc19c3dbbc4620efadc9dacd538dd7e1cfe498cee165450688
0x32,0x34,AMIYAFUClearMemory,libipmimsghndlr.so.13.22.0,exactly 20 request payload bytes,AMIYAFUClearMemoryReq_T,AMIYAFUClearMemoryRes_T,ipmi_dev-3.177.0-ARM.spx/IPMI_AMIDevice.h:1042 | ipmi_dev-3.177.0-ARM.spx/IPMI_AMIDevice.h:1054,struct AMIYAFUClearMemoryReq_T PACKED { YafuHeader ClearMemReq; uint32 MemofftoClear; uint32 SizetoClear; },struct AMIYAFUClearMemoryRes_T PACKED { INT8U CompletionCode; YafuHeader ClearMemRes; uint32 SizeCleared; },"packed bytes; 8-bit endian-neutral; multi-byte native little-endian on exact ARM ELF, but handler cast/copy not proved by header alone",response byte 0 is INT8U CompletionCode,medium: sibling AMI SP-X command header; dispatch identity/length high,,a726253a-edfa-5f2e-baa0-4c1d31af48ab,f30eca169da646fc19c3dbbc4620efadc9dacd538dd7e1cfe498cee165450688
0x32,0x35,AMIYAFUCompareMeVersion,libipmimsghndlr.so.13.22.0,exactly 20 request payload bytes,AMIYAFUCompareMeVersionReq_T,AMIYAFUCompareMeVersionRes_T,ipmi_dev-3.177.0-ARM.spx/IPMI_AMIDevice.h:1166 | ipmi_dev-3.177.0-ARM.spx/IPMI_AMIDevice.h:1177,struct AMIYAFUCompareMeVersionReq_T PACKED { YafuHeader CompareMeVersionReq; uint32 Memoffset; uint32 Sizeofimage; },struct AMIYAFUCompareMeVersionRes_T PACKED { INT8U CompletionCode; YafuHeader CompareMeVersionRes; INT8U Current_Status; MEVersionFormat_T Current_Version; INT8U Comparison_Status; MEVersionFormat_T New_Version; },"packed bytes; 8-bit endian-neutral; multi-byte native little-endian on exact ARM ELF, but handler cast/copy not proved by header alone",response byte 0 is INT8U CompletionCode,medium: sibling AMI SP-X command header; dispatch identity/length high,,a726253a-edfa-5f2e-baa0-4c1d31af48ab,f30eca169da646fc19c3dbbc4620efadc9dacd538dd7e1cfe498cee165450688
0x32,0x36,AMIGetPTPCfg,libipmiamioemptp.so.13.1.0,exactly 0 request payload bytes,,,,,,"packed bytes; 8-bit endian-neutral; multi-byte native little-endian on exact ARM ELF, but handler cast/copy not proved by header alone",not established by available response struct,high dispatch identity/length; wire schema unresolved,response struct,a726253a-edfa-5f2e-baa0-4c1d31af48ab,f30eca169da646fc19c3dbbc4620efadc9dacd538dd7e1cfe498cee165450688
0x32,0x37,AMISetPTPCfg,libipmiamioemptp.so.13.1.0,exactly 10 request payload bytes,,,,,,"packed bytes; 8-bit endian-neutral; multi-byte native little-endian on exact ARM ELF, but handler cast/copy not proved by header alone",not established by available response struct,high dispatch identity/length; wire schema unresolved,request struct; response struct,a726253a-edfa-5f2e-baa0-4c1d31af48ab,f30eca169da646fc19c3dbbc4620efadc9dacd538dd7e1cfe498cee165450688
0x32,0x38,AMIGetPTPInt,libipmiamioemptp.so.13.1.0,exactly 0 request payload bytes,,,,,,"packed bytes; 8-bit endian-neutral; multi-byte native little-endian on exact ARM ELF, but handler cast/copy not proved by header alone",not established by available response struct,high dispatch identity/length; wire schema unresolved,response struct,a726253a-edfa-5f2e-baa0-4c1d31af48ab,f30eca169da646fc19c3dbbc4620efadc9dacd538dd7e1cfe498cee165450688
0x32,0x39,AMISetPTPInt,libipmiamioemptp.so.13.1.0,exactly 10 request payload bytes,,,,,,"packed bytes; 8-bit endian-neutral; multi-byte native little-endian on exact ARM ELF, but handler cast/copy not proved by header alone",not established by available response struct,high dispatch identity/length; wire schema unresolved,request struct; response struct,a726253a-edfa-5f2e-baa0-4c1d31af48ab,f30eca169da646fc19c3dbbc4620efadc9dacd538dd7e1cfe498cee165450688
0x32,0x3a,AMIGetPTPUnicastip,libipmiamioemptp.so.13.1.0,exactly 0 request payload bytes,,,,,,"packed bytes; 8-bit endian-neutral; multi-byte native little-endian on exact ARM ELF, but handler cast/copy not proved by header alone",not established by available response struct,high dispatch identity/length; wire schema unresolved,response struct,a726253a-edfa-5f2e-baa0-4c1d31af48ab,f30eca169da646fc19c3dbbc4620efadc9dacd538dd7e1cfe498cee165450688
0x32,0x3b,AMISetPTPUnicastip,libipmiamioemptp.so.13.1.0,exactly 15 request payload bytes,,,,,,"packed bytes; 8-bit endian-neutral; multi-byte native little-endian on exact ARM ELF, but handler cast/copy not proved by header alone",not established by available response struct,high dispatch identity/length; wire schema unresolved,request struct; response struct,a726253a-edfa-5f2e-baa0-4c1d31af48ab,f30eca169da646fc19c3dbbc4620efadc9dacd538dd7e1cfe498cee165450688
0x32,0x3c,AMIPTPCtrl,libipmiamioemptp.so.13.1.0,exactly 1 request payload bytes,,,,,,"packed bytes; 8-bit endian-neutral; multi-byte native little-endian on exact ARM ELF, but handler cast/copy not proved by header alone",not established by available response struct,high dispatch identity/length; wire schema unresolved,request struct; response struct,a726253a-edfa-5f2e-baa0-4c1d31af48ab,f30eca169da646fc19c3dbbc4620efadc9dacd538dd7e1cfe498cee165450688
0x32,0x3d,AMIGetBMCInterfaceStatus,libipmimsghndlr.so.13.22.0,exactly 3 request payload bytes,,,,,,"packed bytes; 8-bit endian-neutral; multi-byte native little-endian on exact ARM ELF, but handler cast/copy not proved by header alone",not established by available response struct,high dispatch identity/length; wire schema unresolved,request struct; response struct,a726253a-edfa-5f2e-baa0-4c1d31af48ab,f30eca169da646fc19c3dbbc4620efadc9dacd538dd7e1cfe498cee165450688
0x32,0x3e,AMIGetKCSLANIfcSupport,libipmimsghndlr.so.13.22.0,exactly 1 request payload bytes,,,,,,"packed bytes; 8-bit endian-neutral; multi-byte native little-endian on exact ARM ELF, but handler cast/copy not proved by header alone",not established by available response struct,high dispatch identity/length; wire schema unresolved,request struct; response struct,a726253a-edfa-5f2e-baa0-4c1d31af48ab,f30eca169da646fc19c3dbbc4620efadc9dacd538dd7e1cfe498cee165450688
0x32,0x3f,AMISetKCSLANIfcSupport,libipmimsghndlr.so.13.22.0,exactly 2 request payload bytes,,,,,,"packed bytes; 8-bit endian-neutral; multi-byte native little-endian on exact ARM ELF, but handler cast/copy not proved by header alone",not established by available response struct,high dispatch identity/length; wire schema unresolved,request struct; response struct,a726253a-edfa-5f2e-baa0-4c1d31af48ab,f30eca169da646fc19c3dbbc4620efadc9dacd538dd7e1cfe498cee165450688
0x32,0x40,AMIYAFUGetBootConfig,libipmimsghndlr.so.13.22.0,exactly 77 request payload bytes,AMIYAFUGetBootConfigReq_T,AMIYAFUGetBootConfigRes_T,ipmi_dev-3.177.0-ARM.spx/IPMI_AMIDevice.h:1066 | ipmi_dev-3.177.0-ARM.spx/IPMI_AMIDevice.h:1077,struct AMIYAFUGetBootConfigReq_T PACKED { YafuHeader GetBootReq; INT8U VarName[65]; },struct AMIYAFUGetBootConfigRes_T PACKED { INT8U CompletionCode; YafuHeader GetBootRes; INT8U Status; },"packed bytes; 8-bit endian-neutral; multi-byte native little-endian on exact ARM ELF, but handler cast/copy not proved by header alone",response byte 0 is INT8U CompletionCode,medium: sibling AMI SP-X command header; dispatch identity/length high,,a726253a-edfa-5f2e-baa0-4c1d31af48ab,f30eca169da646fc19c3dbbc4620efadc9dacd538dd7e1cfe498cee165450688
0x32,0x41,AMIYAFUSetBootConfig,libipmimsghndlr.so.13.22.0,variable/unconstrained by dispatcher,AMIYAFUSetBootConfigReq_T,AMIYAFUSetBootConfigRes_T,ipmi_dev-3.177.0-ARM.spx/IPMI_AMIDevice.h:1089 | ipmi_dev-3.177.0-ARM.spx/IPMI_AMIDevice.h:1100,struct AMIYAFUSetBootConfigReq_T PACKED { YafuHeader SetBootReq; INT8U VarName[65]; },struct AMIYAFUSetBootConfigRes_T PACKED { INT8U CompletionCode; YafuHeader SetBootRes; INT8U Status; },"packed bytes; 8-bit endian-neutral; multi-byte native little-endian on exact ARM ELF, but handler cast/copy not proved by header alone",response byte 0 is INT8U CompletionCode,medium: sibling AMI SP-X command header; dispatch identity/length high,,a726253a-edfa-5f2e-baa0-4c1d31af48ab,f30eca169da646fc19c3dbbc4620efadc9dacd538dd7e1cfe498cee165450688
0x32,0x42,AMIYAFUGetBootVars,libipmimsghndlr.so.13.22.0,variable/unconstrained by dispatcher,AMIYAFUGetBootVarsReq_T,AMIYAFUGetBootVarsRes_T,ipmi_dev-3.177.0-ARM.spx/IPMI_AMIDevice.h:1112 | ipmi_dev-3.177.0-ARM.spx/IPMI_AMIDevice.h:1122,struct AMIYAFUGetBootVarsReq_T PACKED { YafuHeader GetBootReq; },struct AMIYAFUGetBootVarsRes_T PACKED { INT8U CompletionCode; YafuHeader GetBootRes; INT8U VarCount; },"packed bytes; 8-bit endian-neutral; multi-byte native little-endian on exact ARM ELF, but handler cast/copy not proved by header alone",response byte 0 is INT8U CompletionCode,medium: sibling AMI SP-X command header; dispatch identity/length high,,a726253a-edfa-5f2e-baa0-4c1d31af48ab,f30eca169da646fc19c3dbbc4620efadc9dacd538dd7e1cfe498cee165450688
0x32,0x4a,AMISensorThresholdAcrossResets,libipmiamioemsensorthresholdacrossresets.so.13.0.0,exactly 1 request payload bytes,,,,,,"packed bytes; 8-bit endian-neutral; multi-byte native little-endian on exact ARM ELF, but handler cast/copy not proved by header alone",not established by available response struct,high dispatch identity/length; wire schema unresolved,request struct; response struct,a726253a-edfa-5f2e-baa0-4c1d31af48ab,f30eca169da646fc19c3dbbc4620efadc9dacd538dd7e1cfe498cee165450688
0x32,0x50,AMIYAFUDeactivateFlash,libipmimsghndlr.so.13.22.0,exactly 12 request payload bytes,AMIYAFUDeactivateFlashReq_T,AMIYAFUDeactivateFlashRes_T,ipmi_dev-3.177.0-ARM.spx/IPMI_AMIDevice.h:1136 | ipmi_dev-3.177.0-ARM.spx/IPMI_AMIDevice.h:1146,struct AMIYAFUDeactivateFlashReq_T PACKED { YafuHeader DeactivateFlashReq; },struct AMIYAFUDeactivateFlashRes_T PACKED { INT8U CompletionCode; YafuHeader DeactivateFlashRes; INT8U Status; },"packed bytes; 8-bit endian-neutral; multi-byte native little-endian on exact ARM ELF, but handler cast/copy not proved by header alone",response byte 0 is INT8U CompletionCode,medium: sibling AMI SP-X command header; dispatch identity/length high,,a726253a-edfa-5f2e-baa0-4c1d31af48ab,f30eca169da646fc19c3dbbc4620efadc9dacd538dd7e1cfe498cee165450688
0x32,0x51,AMIYAFUResetDevice,libipmimsghndlr.so.13.22.0,exactly 14 request payload bytes,AMIYAFUResetDeviceReq_T,AMIYAFUResetDeviceRes_T,ipmi_dev-3.177.0-ARM.spx/IPMI_AMIDevice.h:1191 | ipmi_dev-3.177.0-ARM.spx/IPMI_AMIDevice.h:1241,struct AMIYAFUResetDeviceReq_T PACKED { YafuHeader ResetReq; INT16U WaitSec; },struct AMIYAFUResetDeviceRes_T PACKED { INT8U CompletionCode; YafuHeader ResetRes; INT8U Status; },"packed bytes; 8-bit endian-neutral; multi-byte native little-endian on exact ARM ELF, but handler cast/copy not proved by header alone",response byte 0 is INT8U CompletionCode,medium: sibling AMI SP-X command header; dispatch identity/length high,,a726253a-edfa-5f2e-baa0-4c1d31af48ab,f30eca169da646fc19c3dbbc4620efadc9dacd538dd7e1cfe498cee165450688
0x32,0x52,AMIYAFUSwitchFlashDevice,libipmimsghndlr.so.13.22.0,exactly 1 request payload bytes,AMIYAFUSwitchFlashDeviceReq_T,AMIYAFUSwitchFlashDeviceRes_T,ipmi_dev-3.177.0-ARM.spx/IPMI_AMIDevice.h:1547 | ipmi_dev-3.177.0-ARM.spx/IPMI_AMIDevice.h:1557,struct AMIYAFUSwitchFlashDeviceReq_T PACKED { INT8U SPIDevice; },struct AMIYAFUSwitchFlashDeviceRes_T PACKED { INT8U CompletionCode; char MTDName[MTD_DEV_NAME_LEN]; FlashDetails FlashInfo; },"packed bytes; 8-bit endian-neutral; multi-byte native little-endian on exact ARM ELF, but handler cast/copy not proved by header alone",response byte 0 is INT8U CompletionCode,medium: sibling AMI SP-X command header; dispatch identity/length high,,a726253a-edfa-5f2e-baa0-4c1d31af48ab,f30eca169da646fc19c3dbbc4620efadc9dacd538dd7e1cfe498cee165450688
0x32,0x53,AMIYAFURestoreFlashDevice,libipmimsghndlr.so.13.22.0,exactly 1 request payload bytes,AMIYAFUSwitchFlashDeviceReq_T,AMIYAFUSwitchFlashDeviceRes_T,ipmi_dev-3.177.0-ARM.spx/IPMI_AMIDevice.h:1547 | ipmi_dev-3.177.0-ARM.spx/IPMI_AMIDevice.h:1557,struct AMIYAFUSwitchFlashDeviceReq_T PACKED { INT8U SPIDevice; },struct AMIYAFUSwitchFlashDeviceRes_T PACKED { INT8U CompletionCode; char MTDName[MTD_DEV_NAME_LEN]; FlashDetails FlashInfo; },"packed bytes; 8-bit endian-neutral; multi-byte native little-endian on exact ARM ELF, but handler cast/copy not proved by header alone",response byte 0 is INT8U CompletionCode,medium: sibling AMI SP-X command header; dispatch identity/length high,,a726253a-edfa-5f2e-baa0-4c1d31af48ab,f30eca169da646fc19c3dbbc4620efadc9dacd538dd7e1cfe498cee165450688
0x32,0x54,AMIYAFUDualImgSup,libipmimsghndlr.so.13.22.0,exactly 16 request payload bytes,AMIYAFUDualImgSupReq_T,AMIYAFUDualImgSupRes_T,ipmi_dev-3.177.0-ARM.spx/IPMI_AMIDevice.h:669 | ipmi_dev-3.177.0-ARM.spx/IPMI_AMIDevice.h:682,struct AMIYAFUDualImgSupReq_T PACKED { YafuHeader DualImgSupReq; INT8U PreserveConf; INT8U Reserved1; INT8U Reserved2; INT8U Reserved3; },struct AMIYAFUDualImgSupRes_T PACKED { INT8U CompletionCode; YafuHeader DualImgSupRes; },"packed bytes; 8-bit endian-neutral; multi-byte native little-endian on exact ARM ELF, but handler cast/copy not proved by header alone",response byte 0 is INT8U CompletionCode,medium: sibling AMI SP-X command header; dispatch identity/length high,,a726253a-edfa-5f2e-baa0-4c1d31af48ab,f30eca169da646fc19c3dbbc4620efadc9dacd538dd7e1cfe498cee165450688
0x32,0x55,AMIYAFUFWSelectFlash,libipmimsghndlr.so.13.22.0,exactly 13 request payload bytes,AMIYAFUFWSelectFlashModeReq_T,AMIYAFUFWSelectFlashModeRes_T,ipmi_dev-3.177.0-ARM.spx/IPMI_AMIDevice.h:689 | ipmi_dev-3.177.0-ARM.spx/IPMI_AMIDevice.h:695,struct AMIYAFUFWSelectFlashModeReq_T PACKED { YafuHeader fwselectflashReq; INT8U fwselect; },struct AMIYAFUFWSelectFlashModeRes_T PACKED { INT8U CompletionCode; YafuHeader fwselectflashRes; },"packed bytes; 8-bit endian-neutral; multi-byte native little-endian on exact ARM ELF, but handler cast/copy not proved by header alone",response byte 0 is INT8U CompletionCode,medium: sibling AMI SP-X command header; dispatch identity/length high,,a726253a-edfa-5f2e-baa0-4c1d31af48ab,f30eca169da646fc19c3dbbc4620efadc9dacd538dd7e1cfe498cee165450688
0x32,0x56,AMIYAFUActivateFlashDevice,libipmimsghndlr.so.13.22.0,exactly 1 request payload bytes,AMIYAFUActivateFlashDeviceReq_T,AMIYAFUActivateFlashDeviceRes_T,ipmi_dev-3.177.0-ARM.spx/IPMI_AMIDevice.h:1569 | ipmi_dev-3.177.0-ARM.spx/IPMI_AMIDevice.h:1579,struct AMIYAFUActivateFlashDeviceReq_T PACKED { INT8U ActivateNode; },struct AMIYAFUActivateFlashDeviceRes_T PACKED { INT8U CompletionCode; },"packed bytes; 8-bit endian-neutral; multi-byte native little-endian on exact ARM ELF, but handler cast/copy not proved by header alone",response byte 0 is INT8U CompletionCode,medium: sibling AMI SP-X command header; dispatch identity/length high,,a726253a-edfa-5f2e-baa0-4c1d31af48ab,f30eca169da646fc19c3dbbc4620efadc9dacd538dd7e1cfe498cee165450688
0x32,0x57,AMIFileUpload,libipmimsghndlr.so.13.22.0,variable/unconstrained by dispatcher,AMIFileUploadReq_T,AMIFileUploadRes_T,ipmi_dev-3.177.0-ARM.spx/IPMI_AMIDevice.h:1923 | ipmi_dev-3.177.0-ARM.spx/IPMI_AMIDevice.h:1934,struct AMIFileUploadReq_T PACKED { FileHdr_T Hdr; },struct AMIFileUploadRes_T PACKED { INT8U CompletionCode; INT8U TransID; },"packed bytes; 8-bit endian-neutral; multi-byte native little-endian on exact ARM ELF, but handler cast/copy not proved by header alone",response byte 0 is INT8U CompletionCode,medium: sibling AMI SP-X command header; dispatch identity/length high,,a726253a-edfa-5f2e-baa0-4c1d31af48ab,f30eca169da646fc19c3dbbc4620efadc9dacd538dd7e1cfe498cee165450688
0x32,0x58,AMIFileDownload,libipmimsghndlr.so.13.22.0,variable/unconstrained by dispatcher,AMIFileDownloadReq_T,AMIFileDownloadRes_T,ipmi_dev-3.177.0-ARM.spx/IPMI_AMIDevice.h:1940 | ipmi_dev-3.177.0-ARM.spx/IPMI_AMIDevice.h:1948,struct AMIFileDownloadReq_T PACKED { INT8U OpCode; INT8U TransID; INT16U PktLen; INT32U Offset; },struct AMIFileDownloadRes_T PACKED { INT8U CompletionCode; FileHdr_T Hdr; },"packed bytes; 8-bit endian-neutral; multi-byte native little-endian on exact ARM ELF, but handler cast/copy not proved by header alone",response byte 0 is INT8U CompletionCode,medium: sibling AMI SP-X command header; dispatch identity/length high,,a726253a-edfa-5f2e-baa0-4c1d31af48ab,f30eca169da646fc19c3dbbc4620efadc9dacd538dd7e1cfe498cee165450688
0x32,0x59,AMIYAFUMiscellaneousInfo,libipmimsghndlr.so.13.22.0,exactly 17 request payload bytes,AMIYAFUMiscellaneousReq_T,AMIYAFUMiscellaneousRes_T,ipmi_dev-3.177.0-ARM.spx/IPMI_AMIDevice.h:1275 | ipmi_dev-3.177.0-ARM.spx/IPMI_AMIDevice.h:1265,struct AMIYAFUMiscellaneousReq_T PACKED { INT8U PreserveFlag; INT16U Reserved1; INT16U Reserved2; INT16U Reserved3; INT16U Reserved4; INT16U Reserved5; INT16U Reserved6; INT16U Reserved7; INT16U Reserved8; },struct AMIYAFUMiscellaneousRes_T PACKED { INT8U CompletionCode; YAFUMiscellaneousInfo MiscRes; },"packed bytes; 8-bit endian-neutral; multi-byte native little-endian on exact ARM ELF, but handler cast/copy not proved by header alone",response byte 0 is INT8U CompletionCode,medium: sibling AMI SP-X command header; dispatch identity/length high,,a726253a-edfa-5f2e-baa0-4c1d31af48ab,f30eca169da646fc19c3dbbc4620efadc9dacd538dd7e1cfe498cee165450688
0x32,0x5a,AMISetInvenoryInfo,libipmiamioeminventory.so.13.0.0,variable/unconstrained by dispatcher,SetInventoryReq_T,,ipmi_dev-3.177.0-ARM.spx/IPMI_Inventory.h:252,struct SetInventoryReq_T PACKED { INT8U ParamSelector; INT8U SetSelector; INT8U BlockSelector; SYSTEM_INVENTORY_PROTOCOL SysInfo; },,"packed bytes; 8-bit endian-neutral; multi-byte native little-endian on exact ARM ELF, but handler cast/copy not proved by header alone",not established by available response struct,medium: sibling AMI SP-X command header; dispatch identity/length high,response struct,a726253a-edfa-5f2e-baa0-4c1d31af48ab,f30eca169da646fc19c3dbbc4620efadc9dacd538dd7e1cfe498cee165450688
0x32,0x5b,AMIGetInvenoryInfo,libipmiamioeminventory.so.13.0.0,exactly 3 request payload bytes,GetInventoryReq_T,GetInventoryRes_T,ipmi_dev-3.177.0-ARM.spx/IPMI_Inventory.h:244 | ipmi_dev-3.177.0-ARM.spx/IPMI_Inventory.h:261,struct GetInventoryReq_T PACKED { INT8U ParamSelector; INT8U SetSelector; INT8U BlockSelector; },struct GetInventoryRes_T PACKED { INT8U CompletionCode; SYSTEM_INVENTORY_PROTOCOL SysInfo; },"packed bytes; 8-bit endian-neutral; multi-byte native little-endian on exact ARM ELF, but handler cast/copy not proved by header alone",response byte 0 is INT8U CompletionCode,medium: sibling AMI SP-X command header; dispatch identity/length high,,a726253a-edfa-5f2e-baa0-4c1d31af48ab,f30eca169da646fc19c3dbbc4620efadc9dacd538dd7e1cfe498cee165450688
0x32,0x5c,AMIRESTinterface,libipmiamioemrestiface.so.13.4.0,variable/unconstrained by dispatcher,,,,,,"packed bytes; 8-bit endian-neutral; multi-byte native little-endian on exact ARM ELF, but handler cast/copy not proved by header alone",not established by available response struct,high dispatch identity/length; wire schema unresolved,request struct; response struct,a726253a-edfa-5f2e-baa0-4c1d31af48ab,f30eca169da646fc19c3dbbc4620efadc9dacd538dd7e1cfe498cee165450688
0x32,0x5d,AMIGeneratePassword,libipmiamioemrestiface.so.13.4.0,variable/unconstrained by dispatcher,,,,,,"packed bytes; 8-bit endian-neutral; multi-byte native little-endian on exact ARM ELF, but handler cast/copy not proved by header alone",not established by available response struct,high dispatch identity/length; wire schema unresolved,request struct; response struct,a726253a-edfa-5f2e-baa0-4c1d31af48ab,f30eca169da646fc19c3dbbc4620efadc9dacd538dd7e1cfe498cee165450688
0x32,0x60,AMIGetNMChNum,libipmimsghndlr.so.13.22.0,exactly 0 request payload bytes,,AMIGetChNumRes_T,ipmi_dev-3.177.0-ARM.spx/IPMI_AMI.h:44,,struct AMIGetChNumRes_T PACKED { INT8U CompletionCode; INT8U ChannelNum; },"packed bytes; 8-bit endian-neutral; multi-byte native little-endian on exact ARM ELF, but handler cast/copy not proved by header alone",response byte 0 is INT8U CompletionCode,medium: sibling AMI SP-X command header; dispatch identity/length high,,a726253a-edfa-5f2e-baa0-4c1d31af48ab,f30eca169da646fc19c3dbbc4620efadc9dacd538dd7e1cfe498cee165450688
0x32,0x62,AMIGetEthIndex,libipmimsghndlr.so.13.22.0,exactly 1 request payload bytes,AMIGetEthIndexReq_T,AMIGetEthIndexRes_T,ipmi_dev-3.177.0-ARM.spx/IPMI_AMI.h:55 | ipmi_dev-3.177.0-ARM.spx/IPMI_AMI.h:68,struct AMIGetEthIndexReq_T PACKED { INT8U ChannelNum; },struct AMIGetEthIndexRes_T PACKED { INT8U CompletionCode; INT8U EthIndex; },"packed bytes; 8-bit endian-neutral; multi-byte native little-endian on exact ARM ELF, but handler cast/copy not proved by header alone",response byte 0 is INT8U CompletionCode,medium: sibling AMI SP-X command header; dispatch identity/length high,,a726253a-edfa-5f2e-baa0-4c1d31af48ab,f30eca169da646fc19c3dbbc4620efadc9dacd538dd7e1cfe498cee165450688
0x32,0x63,AMIGetEmailForUser,libipmimsghndlr.so.13.22.0,exactly 1 request payload bytes,AMIGetUserEmailReq_T,AMIGetUserEmailRes_T,ipmi_dev-3.177.0-ARM.spx/IPMI_AMIResetPass.h:63 | ipmi_dev-3.177.0-ARM.spx/IPMI_AMIResetPass.h:73,struct AMIGetUserEmailReq_T PACKED { INT8U UserID; },struct AMIGetUserEmailRes_T PACKED { INT8U CompletionCode; char EMailID[EMAIL_ADDR_SIZE]; },"packed bytes; 8-bit endian-neutral; multi-byte native little-endian on exact ARM ELF, but handler cast/copy not proved by header alone",response byte 0 is INT8U CompletionCode,medium: sibling AMI SP-X command header; dispatch identity/length high,,a726253a-edfa-5f2e-baa0-4c1d31af48ab,f30eca169da646fc19c3dbbc4620efadc9dacd538dd7e1cfe498cee165450688
0x32,0x64,AMISetEmailForUser,libipmimsghndlr.so.13.22.0,exactly 65 request payload bytes,AMISetUserEmailReq_T,AMISetUserEmailRes_T,ipmi_dev-3.177.0-ARM.spx/IPMI_AMIResetPass.h:42 | ipmi_dev-3.177.0-ARM.spx/IPMI_AMIResetPass.h:53,struct AMISetUserEmailReq_T PACKED { INT8U UserID; char EMailID[EMAIL_ADDR_SIZE]; },struct AMISetUserEmailRes_T PACKED { INT8U CompletionCode; },"packed bytes; 8-bit endian-neutral; multi-byte native little-endian on exact ARM ELF, but handler cast/copy not proved by header alone",response byte 0 is INT8U CompletionCode,medium: sibling AMI SP-X command header; dispatch identity/length high,,a726253a-edfa-5f2e-baa0-4c1d31af48ab,f30eca169da646fc19c3dbbc4620efadc9dacd538dd7e1cfe498cee165450688
0x32,0x65,AMIResetPassword,libipmimsghndlr.so.13.22.0,variable/unconstrained by dispatcher,AMIResetPasswordReq_T,AMIResetPasswordRes_T,ipmi_dev-3.177.0-ARM.spx/IPMI_AMIResetPass.h:84 | ipmi_dev-3.177.0-ARM.spx/IPMI_AMIResetPass.h:95,struct AMIResetPasswordReq_T PACKED { INT8U UserID; INT8U Channel; },struct AMIResetPasswordRes_T PACKED { INT8U CompletionCode; },"packed bytes; 8-bit endian-neutral; multi-byte native little-endian on exact ARM ELF, but handler cast/copy not proved by header alone",response byte 0 is INT8U CompletionCode,medium: sibling AMI SP-X command header; dispatch identity/length high,,a726253a-edfa-5f2e-baa0-4c1d31af48ab,f30eca169da646fc19c3dbbc4620efadc9dacd538dd7e1cfe498cee165450688
0x32,0x66,AMIRestoreDefaults,libipmimsghndlr.so.13.22.0,exactly 0 request payload bytes,,,,,,"packed bytes; 8-bit endian-neutral; multi-byte native little-endian on exact ARM ELF, but handler cast/copy not proved by header alone",not established by available response struct,high dispatch identity/length; wire schema unresolved,response struct,a726253a-edfa-5f2e-baa0-4c1d31af48ab,f30eca169da646fc19c3dbbc4620efadc9dacd538dd7e1cfe498cee165450688
0x32,0x67,AMIGetLogConf,libipmimsghndlr.so.13.22.0,exactly 0 request payload bytes,,AMIGetLogConfRes_T,ipmi_dev-3.177.0-ARM.spx/IPMI_AMISyslogConf.h:78,,struct AMIGetLogConfRes_T PACKED { INT8U CompletionCode; INT8U SysStatus; INT8U AuditStatus; SyslogConfig_T Config; },"packed bytes; 8-bit endian-neutral; multi-byte native little-endian on exact ARM ELF, but handler cast/copy not proved by header alone",response byte 0 is INT8U CompletionCode,medium: sibling AMI SP-X command header; dispatch identity/length high,,a726253a-edfa-5f2e-baa0-4c1d31af48ab,f30eca169da646fc19c3dbbc4620efadc9dacd538dd7e1cfe498cee165450688
0x32,0x68,AMISetLogConf,libipmimsghndlr.so.13.22.0,variable/unconstrained by dispatcher,AMISetLogConfReq_T,AMISetLogConfRes_T,ipmi_dev-3.177.0-ARM.spx/IPMI_AMISyslogConf.h:58 | ipmi_dev-3.177.0-ARM.spx/IPMI_AMISyslogConf.h:69,struct AMISetLogConfReq_T PACKED { INT8U Cmd; INT8U Status; SyslogConfig_T Config; },struct AMISetLogConfRes_T PACKED { INT8U CompletionCode; },"packed bytes; 8-bit endian-neutral; multi-byte native little-endian on exact ARM ELF, but handler cast/copy not proved by header alone",response byte 0 is INT8U CompletionCode,medium: sibling AMI SP-X command header; dispatch identity/length high,,a726253a-edfa-5f2e-baa0-4c1d31af48ab,f30eca169da646fc19c3dbbc4620efadc9dacd538dd7e1cfe498cee165450688
0x32,0x69,AMIGetServiceConf,libipmiamioemserviceconf.so.13.1.0,exactly 4 request payload bytes,AMIGetServiceConfReq_T,AMIGetServiceConfRes_T,ipmi_dev-3.177.0-ARM.spx/AMIServiceConf.h:34 | ipmi_dev-3.177.0-ARM.spx/AMIServiceConf.h:39,struct AMIGetServiceConfReq_T PACKED { INT32U ServiceID; },struct AMIGetServiceConfRes_T PACKED { INT8U CompletionCode; INT32U ServiceID; INT8U Enable; INT8 InterfaceName[MAX_SERVICE_IFACE_NAME_SIZE + 1]; INT32U NonSecureAccessPort; INT32U SecureAccessPort; INTU SessionInactivityTimeout; INT8U MaxAllowSession; INT8U CurrentActiveSession; INTU MinSessionInactivityTimeout; INTU MaxSessionInactivityTimeout; },"packed bytes; 8-bit endian-neutral; multi-byte native little-endian on exact ARM ELF, but handler cast/copy not proved by header alone",response byte 0 is INT8U CompletionCode,medium: sibling AMI SP-X command header; dispatch identity/length high,,a726253a-edfa-5f2e-baa0-4c1d31af48ab,f30eca169da646fc19c3dbbc4620efadc9dacd538dd7e1cfe498cee165450688
0x32,0x6a,AMISetServiceConf,libipmiamioemserviceconf.so.13.1.0,exactly 36 request payload bytes,AMISetServiceConfReq_T,AMISetServiceConfRes_T,ipmi_dev-3.177.0-ARM.spx/AMIServiceConf.h:56 | ipmi_dev-3.177.0-ARM.spx/AMIServiceConf.h:81,struct AMISetServiceConfReq_T PACKED { INT32U ServiceID; INT8U Enable; INT8 InterfaceName[MAX_SERVICE_IFACE_NAME_SIZE + 1]; INT32U NonSecureAccessPort; INT32U SecureAccessPort; INTU SessionInactivityTimeout; INT8U MaxAllowSession; INT8U CurrentActiveSession; },struct AMISetServiceConfRes_T PACKED { INT8U CompletionCode; },"packed bytes; 8-bit endian-neutral; multi-byte native little-endian on exact ARM ELF, but handler cast/copy not proved by header alone",response byte 0 is INT8U CompletionCode,medium: sibling AMI SP-X command header; dispatch identity/length high,,a726253a-edfa-5f2e-baa0-4c1d31af48ab,f30eca169da646fc19c3dbbc4620efadc9dacd538dd7e1cfe498cee165450688
0x32,0x6b,AMIGetDNSConf,libipmimsghndlr.so.13.22.0,exactly 2 request payload bytes,AMIGetDNSConfReq_T,AMIGetDNSConfRes_T,ipmi_dev-3.177.0-ARM.spx/IPMI_AMIConf.h:271 | ipmi_dev-3.177.0-ARM.spx/IPMI_AMIConf.h:265,struct AMIGetDNSConfReq_T PACKED { INT8U Param; INT8U Blockselect; },struct AMIGetDNSConfRes_T PACKED { INT8U CompletionCode; DNSConf_T DNSCfg; },"packed bytes; 8-bit endian-neutral; multi-byte native little-endian on exact ARM ELF, but handler cast/copy not proved by header alone",response byte 0 is INT8U CompletionCode,medium: sibling AMI SP-X command header; dispatch identity/length high,,a726253a-edfa-5f2e-baa0-4c1d31af48ab,f30eca169da646fc19c3dbbc4620efadc9dacd538dd7e1cfe498cee165450688
0x32,0x6c,AMISetDNSConf,libipmimsghndlr.so.13.22.0,variable/unconstrained by dispatcher,AMISetDNSConfReq_T,AMISetDNSConfRes_T,ipmi_dev-3.177.0-ARM.spx/IPMI_AMIConf.h:247 | ipmi_dev-3.177.0-ARM.spx/IPMI_AMIConf.h:254,struct AMISetDNSConfReq_T PACKED { INT8U ParamSelect; INT8U Blockselector; DNSConf_T DnsConfig; },struct AMISetDNSConfRes_T PACKED { INT8U CompletionCode; },"packed bytes; 8-bit endian-neutral; multi-byte native little-endian on exact ARM ELF, but handler cast/copy not proved by header alone",response byte 0 is INT8U CompletionCode,medium: sibling AMI SP-X command header; dispatch identity/length high,,a726253a-edfa-5f2e-baa0-4c1d31af48ab,f30eca169da646fc19c3dbbc4620efadc9dacd538dd7e1cfe498cee165450688
0x32,0x70,AMILinkDownResilent,libipmimsghndlr.so.13.22.0,exactly 1 request payload bytes,AMILinkDownResilentReq_T,AMILinkDownResilentRes_T,ipmi_dev-3.177.0-ARM.spx/IPMI_AMIConf.h:281 | ipmi_dev-3.177.0-ARM.spx/IPMI_AMIConf.h:286,struct AMILinkDownResilentReq_T PACKED { INT8U LinkDownEnable; },struct AMILinkDownResilentRes_T PACKED { INT8U CompletionCode; INT8U LinkEnableStatus; },"packed bytes; 8-bit endian-neutral; multi-byte native little-endian on exact ARM ELF, but handler cast/copy not proved by header alone",response byte 0 is INT8U CompletionCode,medium: sibling AMI SP-X command header; dispatch identity/length high,,a726253a-edfa-5f2e-baa0-4c1d31af48ab,f30eca169da646fc19c3dbbc4620efadc9dacd538dd7e1cfe498cee165450688
0x32,0x71,AMISetIfaceState,libipmimsghndlr.so.13.22.0,variable/unconstrained by dispatcher,AMISetIfaceStateReq_T,AMISetIfaceStateRes_T,ipmi_dev-3.177.0-ARM.spx/IPMI_AMIConf.h:353 | ipmi_dev-3.177.0-ARM.spx/IPMI_AMIConf.h:366,struct AMISetIfaceStateReq_T PACKED { INT8U Params; IfaceConfigFn ConfigData; },struct AMISetIfaceStateRes_T PACKED { INT8U CompletionCode; },"packed bytes; 8-bit endian-neutral; multi-byte native little-endian on exact ARM ELF, but handler cast/copy not proved by header alone",response byte 0 is INT8U CompletionCode,medium: sibling AMI SP-X command header; dispatch identity/length high,,a726253a-edfa-5f2e-baa0-4c1d31af48ab,f30eca169da646fc19c3dbbc4620efadc9dacd538dd7e1cfe498cee165450688
0x32,0x72,AMIGetIfaceState,libipmimsghndlr.so.13.22.0,exactly 3 request payload bytes,AMIGetIfaceStateReq_T,AMIGetIfaceStateRes_T,ipmi_dev-3.177.0-ARM.spx/IPMI_AMIConf.h:359 | ipmi_dev-3.177.0-ARM.spx/IPMI_AMIConf.h:371,struct AMIGetIfaceStateReq_T PACKED { INT8U Params; INT8U SetSelect; INT8U BlockSelect; },struct AMIGetIfaceStateRes_T PACKED { INT8U CompletionCode; IfaceConfigFn ConfigData; },"packed bytes; 8-bit endian-neutral; multi-byte native little-endian on exact ARM ELF, but handler cast/copy not proved by header alone",response byte 0 is INT8U CompletionCode,medium: sibling AMI SP-X command header; dispatch identity/length high,,a726253a-edfa-5f2e-baa0-4c1d31af48ab,f30eca169da646fc19c3dbbc4620efadc9dacd538dd7e1cfe498cee165450688
0x32,0x73,AMIGetBiosCode,libipmiamioembioscode.so.13.1.0,exactly 1 request payload bytes,AMIGetBiosCodeReq_T,AMIGetBiosCodeRes_T,ipmi_dev-3.177.0-ARM.spx/IPMI_AMIBiosCode.h:36 | ipmi_dev-3.177.0-ARM.spx/IPMI_AMIBiosCode.h:41,struct AMIGetBiosCodeReq_T PACKED { INT8U Command; },struct AMIGetBiosCodeRes_T PACKED { INT8U CompletionCode; INT8U BiosCode[MAX_SIZE]; },"packed bytes; 8-bit endian-neutral; multi-byte native little-endian on exact ARM ELF, but handler cast/copy not proved by header alone",response byte 0 is INT8U CompletionCode,medium: sibling AMI SP-X command header; dispatch identity/length high,,a726253a-edfa-5f2e-baa0-4c1d31af48ab,f30eca169da646fc19c3dbbc4620efadc9dacd538dd7e1cfe498cee165450688
0x32,0x76,AMISetFirewall,libipmiamioemfirewall.so.13.0.0,variable/unconstrained by dispatcher,AMISetFirewallReq_T,AMISetFirewallRes_T,ipmi_dev-3.177.0-ARM.spx/IPMI_AMIConf.h:381 | ipmi_dev-3.177.0-ARM.spx/IPMI_AMIConf.h:389,struct AMISetFirewallReq_T PACKED { INT8U Param; INT8U State; FirewallConfUn_T CMD_INFO; },struct AMISetFirewallRes_T PACKED { INT8U CompletionCode; },"packed bytes; 8-bit endian-neutral; multi-byte native little-endian on exact ARM ELF, but handler cast/copy not proved by header alone",response byte 0 is INT8U CompletionCode,medium: sibling AMI SP-X command header; dispatch identity/length high,,a726253a-edfa-5f2e-baa0-4c1d31af48ab,f30eca169da646fc19c3dbbc4620efadc9dacd538dd7e1cfe498cee165450688
0x32,0x77,AMIGetFirewall,libipmiamioemfirewall.so.13.0.0,variable/unconstrained by dispatcher,AMIGetFirewallReq_T,AMIGetFirewallRes_T,ipmi_dev-3.177.0-ARM.spx/IPMI_AMIConf.h:396 | ipmi_dev-3.177.0-ARM.spx/IPMI_AMIConf.h:418,struct AMIGetFirewallReq_T PACKED { INT8U Param; INT8U EntryNo; },struct AMIGetFirewallRes_T PACKED { GetFWCC_T CCParam; GetFirewallConfUn_T FWInfo; },"packed bytes; 8-bit endian-neutral; multi-byte native little-endian on exact ARM ELF, but handler cast/copy not proved by header alone",not established by available response struct,medium: sibling AMI SP-X command header; dispatch identity/length high,,a726253a-edfa-5f2e-baa0-4c1d31af48ab,f30eca169da646fc19c3dbbc4620efadc9dacd538dd7e1cfe498cee165450688
0x32,0x78,SetSMTPConfigParams,libipmimsghndlr.so.13.22.0,variable/unconstrained by dispatcher,SetSMTPConfigReq_T,SetSMTPConfigRes_T,ipmi_dev-3.177.0-ARM.spx/IPMI_AMISmtp.h:115 | ipmi_dev-3.177.0-ARM.spx/IPMI_AMISmtp.h:110,struct SetSMTPConfigReq_T PACKED { INT8U Channel; INT8U ParameterSelect; INT8U SetSelector; INT8U BlockSelector; Smtp_ConfigUn_T ConfigData; },struct SetSMTPConfigRes_T PACKED { INT8U CompletionCode; },"packed bytes; 8-bit endian-neutral; multi-byte native little-endian on exact ARM ELF, but handler cast/copy not proved by header alone",response byte 0 is INT8U CompletionCode,medium: sibling AMI SP-X command header; dispatch identity/length high,,a726253a-edfa-5f2e-baa0-4c1d31af48ab,f30eca169da646fc19c3dbbc4620efadc9dacd538dd7e1cfe498cee165450688
0x32,0x79,GetSMTPConfigParams,libipmimsghndlr.so.13.22.0,exactly 4 request payload bytes,GetSMTPConfigReq_T,GetSMTPConfigRes_T,ipmi_dev-3.177.0-ARM.spx/IPMI_AMISmtp.h:135 | ipmi_dev-3.177.0-ARM.spx/IPMI_AMISmtp.h:126,struct GetSMTPConfigReq_T PACKED { INT8U Channel; INT8U ParameterSelect; INT8U SetSelector; INT8U BlockSelector; },struct GetSMTPConfigRes_T PACKED { INT8U CompletionCode; Smtp_ConfigUn_T ConfigData; },"packed bytes; 8-bit endian-neutral; multi-byte native little-endian on exact ARM ELF, but handler cast/copy not proved by header alone",response byte 0 is INT8U CompletionCode,medium: sibling AMI SP-X command header; dispatch identity/length high,,a726253a-edfa-5f2e-baa0-4c1d31af48ab,f30eca169da646fc19c3dbbc4620efadc9dacd538dd7e1cfe498cee165450688
0x32,0x7a,AMISetPamOrder,libipmiamioempamreorder.so.13.1.0,variable/unconstrained by dispatcher,AMISetPamReq_T,AMISetPamRes_T,ipmi_dev-3.177.0-ARM.spx/IPMI_AMIDevice.h:1519 | ipmi_dev-3.177.0-ARM.spx/IPMI_AMIDevice.h:1528,struct AMISetPamReq_T PACKED { INT8U Sqnce[MODULES_TO_MODIFIED]; },struct AMISetPamRes_T PACKED { INT8U CompletionCode; },"packed bytes; 8-bit endian-neutral; multi-byte native little-endian on exact ARM ELF, but handler cast/copy not proved by header alone",response byte 0 is INT8U CompletionCode,medium: sibling AMI SP-X command header; dispatch identity/length high,,a726253a-edfa-5f2e-baa0-4c1d31af48ab,f30eca169da646fc19c3dbbc4620efadc9dacd538dd7e1cfe498cee165450688
0x32,0x7b,AMIGetPamOrder,libipmiamioempamreorder.so.13.1.0,exactly 0 request payload bytes,,AMIGetPamRes_T,ipmi_dev-3.177.0-ARM.spx/IPMI_AMIDevice.h:1537,,struct AMIGetPamRes_T PACKED { INT8U CompletionCode; INT8U Seqnce[MODULES_TO_MODIFIED]; },"packed bytes; 8-bit endian-neutral; multi-byte native little-endian on exact ARM ELF, but handler cast/copy not proved by header alone",response byte 0 is INT8U CompletionCode,medium: sibling AMI SP-X command header; dispatch identity/length high,,a726253a-edfa-5f2e-baa0-4c1d31af48ab,f30eca169da646fc19c3dbbc4620efadc9dacd538dd7e1cfe498cee165450688
0x32,0x7c,AMIGetSNMPConf,libipmiamioemsnmp.so.13.0.0,exactly 1 request payload bytes,AMIGetSNMPConfReq_T,AMIGetSNMPConfRes_T,ipmi_dev-3.177.0-ARM.spx/IPMI_AMIConf.h:449 | ipmi_dev-3.177.0-ARM.spx/IPMI_AMIConf.h:438,struct AMIGetSNMPConfReq_T PACKED { INT8U UserID; },struct AMIGetSNMPConfRes_T PACKED { INT8U CompletionCode; INT8U UserID; INT8U snmp_enable; INT8U snmp_access_type; INT8U snmp_enc_type_1; INT8U snmp_enc_type_2; },"packed bytes; 8-bit endian-neutral; multi-byte native little-endian on exact ARM ELF, but handler cast/copy not proved by header alone",response byte 0 is INT8U CompletionCode,medium: sibling AMI SP-X command header; dispatch identity/length high,,a726253a-edfa-5f2e-baa0-4c1d31af48ab,f30eca169da646fc19c3dbbc4620efadc9dacd538dd7e1cfe498cee165450688
0x32,0x7d,AMISetSNMPConf,libipmiamioemsnmp.so.13.0.0,exactly 5 request payload bytes,AMISetSNMPConfReq_T,AMISetSNMPConfRes_T,ipmi_dev-3.177.0-ARM.spx/IPMI_AMIConf.h:455 | ipmi_dev-3.177.0-ARM.spx/IPMI_AMIConf.h:464,struct AMISetSNMPConfReq_T PACKED { INT8U UserID; INT8U snmp_enable; INT8U snmp_access_type; INT8U snmp_enc_type_1; INT8U snmp_enc_type_2; },struct AMISetSNMPConfRes_T PACKED { INT8U CompletionCode; },"packed bytes; 8-bit endian-neutral; multi-byte native little-endian on exact ARM ELF, but handler cast/copy not proved by header alone",response byte 0 is INT8U CompletionCode,medium: sibling AMI SP-X command header; dispatch identity/length high,,a726253a-edfa-5f2e-baa0-4c1d31af48ab,f30eca169da646fc19c3dbbc4620efadc9dacd538dd7e1cfe498cee165450688
0x32,0x7e,AMIGetSELPolicy,libipmimsghndlr.so.13.22.0,exactly 0 request payload bytes,,AMIGetSELPolicyRes_T,ipmi_dev-3.177.0-ARM.spx/IPMI_AMIConf.h:473,,struct AMIGetSELPolicyRes_T PACKED { INT8U CompletionCode; INT8U SELPolicy; },"packed bytes; 8-bit endian-neutral; multi-byte native little-endian on exact ARM ELF, but handler cast/copy not proved by header alone",response byte 0 is INT8U CompletionCode,medium: sibling AMI SP-X command header; dispatch identity/length high,,a726253a-edfa-5f2e-baa0-4c1d31af48ab,f30eca169da646fc19c3dbbc4620efadc9dacd538dd7e1cfe498cee165450688
0x32,0x7f,AMISetSELPolicy,libipmimsghndlr.so.13.22.0,exactly 1 request payload bytes,AMISetSELPolicyReq_T,AMISetSELPolicyRes_T,ipmi_dev-3.177.0-ARM.spx/IPMI_AMIConf.h:483 | ipmi_dev-3.177.0-ARM.spx/IPMI_AMIConf.h:492,struct AMISetSELPolicyReq_T PACKED { INT8U SELPolicy; },struct AMISetSELPolicyRes_T PACKED { INT8U CompletionCode; },"packed bytes; 8-bit endian-neutral; multi-byte native little-endian on exact ARM ELF, but handler cast/copy not proved by header alone",response byte 0 is INT8U CompletionCode,medium: sibling AMI SP-X command header; dispatch identity/length high,,a726253a-edfa-5f2e-baa0-4c1d31af48ab,f30eca169da646fc19c3dbbc4620efadc9dacd538dd7e1cfe498cee165450688
0x32,0x80,AMIGetFruDetails,libipmimsghndlr.so.13.22.0,exactly 1 request payload bytes,AMIGetFruDetailReq_T,AMIGetFruDetailRes_T,ipmi_dev-3.177.0-ARM.spx/IPMI_AMIDevice.h:1292 | ipmi_dev-3.177.0-ARM.spx/IPMI_AMIDevice.h:1301,struct AMIGetFruDetailReq_T PACKED { INT8U FruReq; },struct AMIGetFruDetailRes_T PACKED { INT8U CompletionCode; INT8U TotalFru; INT8U DeviceNo; INT8U FRUName[MAX_ID_STR_LEN]; },"packed bytes; 8-bit endian-neutral; multi-byte native little-endian on exact ARM ELF, but handler cast/copy not proved by header alone",response byte 0 is INT8U CompletionCode,medium: sibling AMI SP-X command header; dispatch identity/length high,,a726253a-edfa-5f2e-baa0-4c1d31af48ab,f30eca169da646fc19c3dbbc4620efadc9dacd538dd7e1cfe498cee165450688
0x32,0x81,AMIGetEmailFormatUser,libipmimsghndlr.so.13.22.0,exactly 1 request payload bytes,AMIGetUserEmailReq_T,AMIGetUserEmailFormatRes_T,ipmi_dev-3.177.0-ARM.spx/IPMI_AMIResetPass.h:63 | ipmi_dev-3.177.0-ARM.spx/IPMI_AMIResetPass.h:125,struct AMIGetUserEmailReq_T PACKED { INT8U UserID; },struct AMIGetUserEmailFormatRes_T PACKED { INT8U CompletionCode; INT8U EMailFormat[EMAIL_FORMAT_SIZE]; },"packed bytes; 8-bit endian-neutral; multi-byte native little-endian on exact ARM ELF, but handler cast/copy not proved by header alone",response byte 0 is INT8U CompletionCode,medium: sibling AMI SP-X command header; dispatch identity/length high,,a726253a-edfa-5f2e-baa0-4c1d31af48ab,f30eca169da646fc19c3dbbc4620efadc9dacd538dd7e1cfe498cee165450688
0x32,0x82,AMISetEmailFormatUser,libipmimsghndlr.so.13.22.0,exactly 65 request payload bytes,AMISetUserEmailFormatReq_T,AMISetUserEmailFormatRes_T,ipmi_dev-3.177.0-ARM.spx/IPMI_AMIResetPass.h:105 | ipmi_dev-3.177.0-ARM.spx/IPMI_AMIResetPass.h:116,struct AMISetUserEmailFormatReq_T PACKED { INT8U UserID; INT8U EMailFormat[EMAIL_FORMAT_SIZE]; },struct AMISetUserEmailFormatRes_T PACKED { INT8U CompletionCode; },"packed bytes; 8-bit endian-neutral; multi-byte native little-endian on exact ARM ELF, but handler cast/copy not proved by header alone",response byte 0 is INT8U CompletionCode,medium: sibling AMI SP-X command header; dispatch identity/length high,,a726253a-edfa-5f2e-baa0-4c1d31af48ab,f30eca169da646fc19c3dbbc4620efadc9dacd538dd7e1cfe498cee165450688
0x32,0x83,AMISetPreserveConfStatus,libipmiamioemprsvconf.so.13.0.0,exactly 2 request payload bytes,SetPreserveConfigReq_T,SetPreserveConfigRes_T,ipmi_dev-3.177.0-ARM.spx/AMIRestoreDefaults.h:75 | ipmi_dev-3.177.0-ARM.spx/AMIRestoreDefaults.h:82,struct SetPreserveConfigReq_T PACKED { INT8U Selector; INT8U Status; },struct SetPreserveConfigRes_T PACKED { INT8U CompletionCode; },"packed bytes; 8-bit endian-neutral; multi-byte native little-endian on exact ARM ELF, but handler cast/copy not proved by header alone",response byte 0 is INT8U CompletionCode,medium: sibling AMI SP-X command header; dispatch identity/length high,,a726253a-edfa-5f2e-baa0-4c1d31af48ab,f30eca169da646fc19c3dbbc4620efadc9dacd538dd7e1cfe498cee165450688
0x32,0x84,AMIGetPreserveConfStatus,libipmiamioemprsvconf.so.13.0.0,exactly 1 request payload bytes,GetPreserveConfigReq_T,GetPreserveConfigRes_T,ipmi_dev-3.177.0-ARM.spx/AMIRestoreDefaults.h:62 | ipmi_dev-3.177.0-ARM.spx/AMIRestoreDefaults.h:68,struct GetPreserveConfigReq_T PACKED { INT8U Selector; },struct GetPreserveConfigRes_T PACKED { INT8U CompletionCode; INT8U Status; },"packed bytes; 8-bit endian-neutral; multi-byte native little-endian on exact ARM ELF, but handler cast/copy not proved by header alone",response byte 0 is INT8U CompletionCode,medium: sibling AMI SP-X command header; dispatch identity/length high,,a726253a-edfa-5f2e-baa0-4c1d31af48ab,f30eca169da646fc19c3dbbc4620efadc9dacd538dd7e1cfe498cee165450688
0x32,0x85,AMIGetSELEntires,libipmimsghndlr.so.13.22.0,exactly 4 request payload bytes,AMIGetSELEntriesReq_T,AMIGetSELEntriesRes_T,ipmi_dev-3.177.0-ARM.spx/IPMI_AMIConf.h:504 | ipmi_dev-3.177.0-ARM.spx/IPMI_AMIConf.h:509,struct AMIGetSELEntriesReq_T PACKED { INT32U Noofentretrieved; },struct AMIGetSELEntriesRes_T PACKED { INT8U CompletionCode; INT32U Noofentries; INT16U LastRecID; INT8U Status; },"packed bytes; 8-bit endian-neutral; multi-byte native little-endian on exact ARM ELF, but handler cast/copy not proved by header alone",response byte 0 is INT8U CompletionCode,medium: sibling AMI SP-X command header; dispatch identity/length high,,a726253a-edfa-5f2e-baa0-4c1d31af48ab,f30eca169da646fc19c3dbbc4620efadc9dacd538dd7e1cfe498cee165450688
0x32,0x86,AMIGetSenforInfo,libipmimsghndlr.so.13.22.0,exactly 0 request payload bytes,,AMIGetSensorInfoRes_T,ipmi_dev-3.177.0-ARM.spx/IPMI_AMIConf.h:517,,struct AMIGetSensorInfoRes_T PACKED { INT8U CompletionCode; INT16U Noofentries; },"packed bytes; 8-bit endian-neutral; multi-byte native little-endian on exact ARM ELF, but handler cast/copy not proved by header alone",response byte 0 is INT8U CompletionCode,medium: sibling AMI SP-X command header; dispatch identity/length high,,a726253a-edfa-5f2e-baa0-4c1d31af48ab,f30eca169da646fc19c3dbbc4620efadc9dacd538dd7e1cfe498cee165450688
0x32,0x87,AMIStartTFTPFwUpdate,libipmiamioemfwupdateprctl.so.13.0.0,exactly 2 request payload bytes,AMIStartFwUpdateReq_T,AMIStartFwUpdateRes_T,ipmi_dev-3.177.0-ARM.spx/IPMI_AMIDevice.h:1610 | ipmi_dev-3.177.0-ARM.spx/IPMI_AMIDevice.h:1620,struct AMIStartFwUpdateReq_T PACKED { INT8U PreserveCfg; INT8U ResetBMC; },struct AMIStartFwUpdateRes_T PACKED { INT8U CompletionCode; },"packed bytes; 8-bit endian-neutral; multi-byte native little-endian on exact ARM ELF, but handler cast/copy not proved by header alone",response byte 0 is INT8U CompletionCode,medium: sibling AMI SP-X command header; dispatch identity/length high,,a726253a-edfa-5f2e-baa0-4c1d31af48ab,f30eca169da646fc19c3dbbc4620efadc9dacd538dd7e1cfe498cee165450688
0x32,0x88,AMIGetTftpProgressStatus,libipmiamioemfwupdateprctl.so.13.0.0,exactly 0 request payload bytes,,AMIGetTftpProgressStatusRes_T,ipmi_dev-3.177.0-ARM.spx/IPMI_AMIDevice.h:1631,,struct AMIGetTftpProgressStatusRes_T PACKED { INT8U CompletionCode; INT8U Progress; INT8U Overall; },"packed bytes; 8-bit endian-neutral; multi-byte native little-endian on exact ARM ELF, but handler cast/copy not proved by header alone",response byte 0 is INT8U CompletionCode,medium: sibling AMI SP-X command header; dispatch identity/length high,,a726253a-edfa-5f2e-baa0-4c1d31af48ab,f30eca169da646fc19c3dbbc4620efadc9dacd538dd7e1cfe498cee165450688
0x32,0x89,AMISetFWCfg,libipmiamioemfwupdateprctl.so.13.0.0,variable/unconstrained by dispatcher,AMISetFWCfgReq_T,AMISetFWCfgRes_T,ipmi_dev-3.177.0-ARM.spx/IPMI_AMIDevice.h:1642 | ipmi_dev-3.177.0-ARM.spx/IPMI_AMIDevice.h:1652,struct AMISetFWCfgReq_T PACKED { INT8U Parameter; INT8U Data[200]; },struct AMISetFWCfgRes_T PACKED { INT8U CompletionCode; },"packed bytes; 8-bit endian-neutral; multi-byte native little-endian on exact ARM ELF, but handler cast/copy not proved by header alone",response byte 0 is INT8U CompletionCode,medium: sibling AMI SP-X command header; dispatch identity/length high,,a726253a-edfa-5f2e-baa0-4c1d31af48ab,f30eca169da646fc19c3dbbc4620efadc9dacd538dd7e1cfe498cee165450688
0x32,0x8a,AMIGetFWCfg,libipmiamioemfwupdateprctl.so.13.0.0,exactly 1 request payload bytes,AMIGetFWCfgReq_T,AMIGetFWCfgRes_T,ipmi_dev-3.177.0-ARM.spx/IPMI_AMIDevice.h:1661 | ipmi_dev-3.177.0-ARM.spx/IPMI_AMIDevice.h:1670,struct AMIGetFWCfgReq_T PACKED { INT8U Parameter; },struct AMIGetFWCfgRes_T PACKED { INT8U CompletionCode; INT8U Data[200]; },"packed bytes; 8-bit endian-neutral; multi-byte native little-endian on exact ARM ELF, but handler cast/copy not proved by header alone",response byte 0 is INT8U CompletionCode,medium: sibling AMI SP-X command header; dispatch identity/length high,,a726253a-edfa-5f2e-baa0-4c1d31af48ab,f30eca169da646fc19c3dbbc4620efadc9dacd538dd7e1cfe498cee165450688
0x32,0x8b,AMISetFWProtocol,libipmiamioemfwupdateprctl.so.13.0.0,exactly 1 request payload bytes,AMISetFWProtocolReq_T,AMISetFWProtocolRes_T,ipmi_dev-3.177.0-ARM.spx/IPMI_AMIDevice.h:1680 | ipmi_dev-3.177.0-ARM.spx/IPMI_AMIDevice.h:1689,struct AMISetFWProtocolReq_T PACKED { INT8U ProtocolType; },struct AMISetFWProtocolRes_T PACKED { INT8U CompletionCode; },"packed bytes; 8-bit endian-neutral; multi-byte native little-endian on exact ARM ELF, but handler cast/copy not proved by header alone",response byte 0 is INT8U CompletionCode,medium: sibling AMI SP-X command header; dispatch identity/length high,,a726253a-edfa-5f2e-baa0-4c1d31af48ab,f30eca169da646fc19c3dbbc4620efadc9dacd538dd7e1cfe498cee165450688
0x32,0x8c,AMIGetFWProtocol,libipmiamioemfwupdateprctl.so.13.0.0,exactly 0 request payload bytes,,AMIGetFWProtocolRes_T,ipmi_dev-3.177.0-ARM.spx/IPMI_AMIDevice.h:1699,,struct AMIGetFWProtocolRes_T PACKED { INT8U CompletionCode; INT8U ProtocolType; },"packed bytes; 8-bit endian-neutral; multi-byte native little-endian on exact ARM ELF, but handler cast/copy not proved by header alone",response byte 0 is INT8U CompletionCode,medium: sibling AMI SP-X command header; dispatch identity/length high,,a726253a-edfa-5f2e-baa0-4c1d31af48ab,f30eca169da646fc19c3dbbc4620efadc9dacd538dd7e1cfe498cee165450688
0x32,0x8d,AMIGetIPMISessionTimeOut,libipmimsghndlr.so.13.22.0,exactly 0 request payload bytes,,AMIGetIPMISessionTimeOutRes_T,ipmi_dev-3.177.0-ARM.spx/IPMI_AMIConf.h:425,,struct AMIGetIPMISessionTimeOutRes_T PACKED { INT8U CompletionCode; INT8U IPMISessionTimeOut; },"packed bytes; 8-bit endian-neutral; multi-byte native little-endian on exact ARM ELF, but handler cast/copy not proved by header alone",response byte 0 is INT8U CompletionCode,medium: sibling AMI SP-X command header; dispatch identity/length high,,a726253a-edfa-5f2e-baa0-4c1d31af48ab,f30eca169da646fc19c3dbbc4620efadc9dacd538dd7e1cfe498cee165450688
0x32,0x8e,AMIGetUDSInfo,libipmimsghndlr.so.13.22.0,exactly 16 request payload bytes,AMIGetUDSInfoReq_T,AMIGetUDSInfoRes_T,ipmi_dev-3.177.0-ARM.spx/IPMI_AMIConf.h:562 | ipmi_dev-3.177.0-ARM.spx/IPMI_AMIConf.h:567,struct AMIGetUDSInfoReq_T PACKED { INT8U SessionIPAddr[IP6_ADDR_LEN]; },struct AMIGetUDSInfoRes_T PACKED { INT8U CompletionCode; INT8U ChannelNum; INT8U ChannelType; INT8U BMCInstance; },"packed bytes; 8-bit endian-neutral; multi-byte native little-endian on exact ARM ELF, but handler cast/copy not proved by header alone",response byte 0 is INT8U CompletionCode,medium: sibling AMI SP-X command header; dispatch identity/length high,,a726253a-edfa-5f2e-baa0-4c1d31af48ab,f30eca169da646fc19c3dbbc4620efadc9dacd538dd7e1cfe498cee165450688
0x32,0x90,AMIGetRootUserAccess,libipmimsghndlr.so.13.22.0,exactly 0 request payload bytes,,AMIGetRootUserAccessRes_T,ipmi_dev-3.177.0-ARM.spx/IPMI_AMIDevice.h:1314,,struct AMIGetRootUserAccessRes_T PACKED { INT8U CompletionCode; INT8U CurrentUserIDState; },"packed bytes; 8-bit endian-neutral; multi-byte native little-endian on exact ARM ELF, but handler cast/copy not proved by header alone",response byte 0 is INT8U CompletionCode,medium: sibling AMI SP-X command header; dispatch identity/length high,,a726253a-edfa-5f2e-baa0-4c1d31af48ab,f30eca169da646fc19c3dbbc4620efadc9dacd538dd7e1cfe498cee165450688
0x32,0x91,AMISetRootPassword,libipmimsghndlr.so.13.22.0,variable/unconstrained by dispatcher,AMISetRootPasswordReq_T,AMISetRootPasswordRes_T,ipmi_dev-3.177.0-ARM.spx/IPMI_AMIDevice.h:1325 | ipmi_dev-3.177.0-ARM.spx/IPMI_AMIDevice.h:1335,struct AMISetRootPasswordReq_T PACKED { INT8U Operation; INT8U Password[MAX_LINUX_ROOT_USER_PASSWORD_LEN + 1]; },struct AMISetRootPasswordRes_T PACKED { INT8U CompletionCode; },"packed bytes; 8-bit endian-neutral; multi-byte native little-endian on exact ARM ELF, but handler cast/copy not proved by header alone",response byte 0 is INT8U CompletionCode,medium: sibling AMI SP-X command header; dispatch identity/length high,,a726253a-edfa-5f2e-baa0-4c1d31af48ab,f30eca169da646fc19c3dbbc4620efadc9dacd538dd7e1cfe498cee165450688
0x32,0x92,AMIGetUserShelltype,libipmimsghndlr.so.13.22.0,exactly 1 request payload bytes,AMIGetUserShelltypeReq_T,AMIGetUserShelltypeRes_T,ipmi_dev-3.177.0-ARM.spx/IPMI_AMIDevice.h:1344 | ipmi_dev-3.177.0-ARM.spx/IPMI_AMIDevice.h:1353,struct AMIGetUserShelltypeReq_T PACKED { INT8U UserID; },struct AMIGetUserShelltypeRes_T PACKED { INT8U CompletionCode; INT8U Shelltype; },"packed bytes; 8-bit endian-neutral; multi-byte native little-endian on exact ARM ELF, but handler cast/copy not proved by header alone",response byte 0 is INT8U CompletionCode,medium: sibling AMI SP-X command header; dispatch identity/length high,,a726253a-edfa-5f2e-baa0-4c1d31af48ab,f30eca169da646fc19c3dbbc4620efadc9dacd538dd7e1cfe498cee165450688
0x32,0x93,AMISetUserShelltype,libipmimsghndlr.so.13.22.0,exactly 2 request payload bytes,AMISetUserShelltypeReq_T,AMISetUserShelltypeRes_T,ipmi_dev-3.177.0-ARM.spx/IPMI_AMIDevice.h:1364 | ipmi_dev-3.177.0-ARM.spx/IPMI_AMIDevice.h:1374,struct AMISetUserShelltypeReq_T PACKED { INT8U UserID; INT8U Shelltype; },struct AMISetUserShelltypeRes_T PACKED { INT8U CompletionCode; },"packed bytes; 8-bit endian-neutral; multi-byte native little-endian on exact ARM ELF, but handler cast/copy not proved by header alone",response byte 0 is INT8U CompletionCode,medium: sibling AMI SP-X command header; dispatch identity/length high,,a726253a-edfa-5f2e-baa0-4c1d31af48ab,f30eca169da646fc19c3dbbc4620efadc9dacd538dd7e1cfe498cee165450688
0x32,0x94,AMISetTriggerEvent,libipmimsghndlr.so.13.22.0,variable/unconstrained by dispatcher,AMISetTriggerEventReq_T,AMISetTriggerEventRes_T,ipmi_dev-3.177.0-ARM.spx/IPMI_AMIDevice.h:1393 | ipmi_dev-3.177.0-ARM.spx/IPMI_AMIDevice.h:1404,struct AMISetTriggerEventReq_T PACKED { INT8U TriggerParam; INT8U EnableDisableFlag; AMITriggerEventDataUn_T TriggerData; },struct AMISetTriggerEventRes_T PACKED { INT8U CompletionCode; },"packed bytes; 8-bit endian-neutral; multi-byte native little-endian on exact ARM ELF, but handler cast/copy not proved by header alone",response byte 0 is INT8U CompletionCode,medium: sibling AMI SP-X command header; dispatch identity/length high,,a726253a-edfa-5f2e-baa0-4c1d31af48ab,f30eca169da646fc19c3dbbc4620efadc9dacd538dd7e1cfe498cee165450688
0x32,0x95,AMIGetTriggerEvent,libipmimsghndlr.so.13.22.0,exactly 1 request payload bytes,AMIGetTriggerEventReq_T,AMIGetTriggerEventRes_T,ipmi_dev-3.177.0-ARM.spx/IPMI_AMIDevice.h:1413 | ipmi_dev-3.177.0-ARM.spx/IPMI_AMIDevice.h:1432,struct AMIGetTriggerEventReq_T PACKED { INT8U TriggerParam; },struct AMIGetTriggerEventRes_T PACKED { AMIGetTriggerEvent_T AMIGetTriggerEvent; AMITriggerEventDataUn_T TriggerData; },"packed bytes; 8-bit endian-neutral; multi-byte native little-endian on exact ARM ELF, but handler cast/copy not proved by header alone",not established by available response struct,medium: sibling AMI SP-X command header; dispatch identity/length high,,a726253a-edfa-5f2e-baa0-4c1d31af48ab,f30eca169da646fc19c3dbbc4620efadc9dacd538dd7e1cfe498cee165450688
0x32,0x96,AMIGetSolConf,libipmimsghndlr.so.13.22.0,exactly 0 request payload bytes,,AMIGetSOLConfRes_T,ipmi_dev-3.177.0-ARM.spx/IPMI_AMIDevice.h:1508,,struct AMIGetSOLConfRes_T PACKED { INT8U CompletionCode; INT8U SolSessionTimeout; char SolIfcPort[MAX_SOL_PORT_STR_LEN]; },"packed bytes; 8-bit endian-neutral; multi-byte native little-endian on exact ARM ELF, but handler cast/copy not proved by header alone",response byte 0 is INT8U CompletionCode,medium: sibling AMI SP-X command header; dispatch identity/length high,,a726253a-edfa-5f2e-baa0-4c1d31af48ab,f30eca169da646fc19c3dbbc4620efadc9dacd538dd7e1cfe498cee165450688
0x32,0x97,AMISetLoginAuditConfig,libipmimsghndlr.so.13.22.0,exactly 5 request payload bytes,AMISetLoginAuditCfgReq_T,AMISetLoginAuditCfgRes_T,ipmi_dev-3.177.0-ARM.spx/IPMI_AMIDevice.h:1458 | ipmi_dev-3.177.0-ARM.spx/IPMI_AMIDevice.h:1471,struct AMISetLoginAuditCfgReq_T PACKED { INT8U WebLogAuditCfg; INT8U IPMILogAuditCfg; INT8U TelnetLogAuditCfg; INT8U SSHLogAuditCfg; INT8U KVMLogAuditCfg; },struct AMISetLoginAuditCfgRes_T PACKED { INT8U CompletionCode; },"packed bytes; 8-bit endian-neutral; multi-byte native little-endian on exact ARM ELF, but handler cast/copy not proved by header alone",response byte 0 is INT8U CompletionCode,medium: sibling AMI SP-X command header; dispatch identity/length high,,a726253a-edfa-5f2e-baa0-4c1d31af48ab,f30eca169da646fc19c3dbbc4620efadc9dacd538dd7e1cfe498cee165450688
0x32,0x98,AMIGetLoginAuditConfig,libipmimsghndlr.so.13.22.0,exactly 0 request payload bytes,,AMIGetLoginAuditCfgRes_T,ipmi_dev-3.177.0-ARM.spx/IPMI_AMIDevice.h:1443,,struct AMIGetLoginAuditCfgRes_T PACKED { INT8U CompletionCode; INT8U WebLogAuditCfg; INT8U IPMILogAuditCfg; INT8U TelnetLogAuditCfg; INT8U SSHLogAuditCfg; INT8U KVMLogAuditCfg; },"packed bytes; 8-bit endian-neutral; multi-byte native little-endian on exact ARM ELF, but handler cast/copy not proved by header alone",response byte 0 is INT8U CompletionCode,medium: sibling AMI SP-X command header; dispatch identity/length high,,a726253a-edfa-5f2e-baa0-4c1d31af48ab,f30eca169da646fc19c3dbbc4620efadc9dacd538dd7e1cfe498cee165450688
0x32,0x99,AMIGetAllIPv6Address,libipmimsghndlr.so.13.22.0,exactly 3 request payload bytes,AMIGetIPv6AddrReq_T,AMIGetIPv6AddrRes_T,ipmi_dev-3.177.0-ARM.spx/IPMI_AMIDevice.h:1480 | ipmi_dev-3.177.0-ARM.spx/IPMI_AMIDevice.h:1491,struct AMIGetIPv6AddrReq_T PACKED { INT8U ChannelNum; INT8U Index; INT8U IPCnt; },struct AMIGetIPv6AddrRes_T PACKED { INT8U CompletionCode; unsigned char GlobalIPAddr[8][16]; unsigned char GlobalPrefix[8]; },"packed bytes; 8-bit endian-neutral; multi-byte native little-endian on exact ARM ELF, but handler cast/copy not proved by header alone",response byte 0 is INT8U CompletionCode,medium: sibling AMI SP-X command header; dispatch identity/length high,,a726253a-edfa-5f2e-baa0-4c1d31af48ab,f30eca169da646fc19c3dbbc4620efadc9dacd538dd7e1cfe498cee165450688
0x32,0x9a,AMIGetUDSSessionInfo,libipmimsghndlr.so.13.22.0,variable/unconstrained by dispatcher,AMIGetUDSSessionInfoReq_T,AMIGetUDSSessionInfoRes_T,ipmi_dev-3.177.0-ARM.spx/IPMI_AMIConf.h:607 | ipmi_dev-3.177.0-ARM.spx/IPMI_AMIConf.h:613,struct AMIGetUDSSessionInfoReq_T PACKED { INT8U UDSSessionParam; INT8U UDSSessionHandleOrIDOrIndex[4]; },struct AMIGetUDSSessionInfoRes_T PACKED { INT8U CompletionCode; UDSLoggedInInfoUn_T UDSLoggedInInfo; },"packed bytes; 8-bit endian-neutral; multi-byte native little-endian on exact ARM ELF, but handler cast/copy not proved by header alone",response byte 0 is INT8U CompletionCode,medium: sibling AMI SP-X command header; dispatch identity/length high,,a726253a-edfa-5f2e-baa0-4c1d31af48ab,f30eca169da646fc19c3dbbc4620efadc9dacd538dd7e1cfe498cee165450688
0x32,0x9b,AMISetPwdEncryptionKey,libipmiamioempwdenc.so.13.0.0,variable/unconstrained by dispatcher,AMISetPwdEncKeyReq_T,AMISetPwdEncKeyRes_T,ipmi_dev-3.177.0-ARM.spx/IPMI_AMIDevice.h:1709 | ipmi_dev-3.177.0-ARM.spx/IPMI_AMIDevice.h:1718,struct AMISetPwdEncKeyReq_T PACKED { INT8U PwdEncryptKey[MAX_SIZE_KEY]; },struct AMISetPwdEncKeyRes_T PACKED { INT8U CompletionCode; },"packed bytes; 8-bit endian-neutral; multi-byte native little-endian on exact ARM ELF, but handler cast/copy not proved by header alone",response byte 0 is INT8U CompletionCode,medium: sibling AMI SP-X command header; dispatch identity/length high,,a726253a-edfa-5f2e-baa0-4c1d31af48ab,f30eca169da646fc19c3dbbc4620efadc9dacd538dd7e1cfe498cee165450688
0x32,0x9c,AMISetUBootMemtest,libipmiamioemubootmemtest.so.13.0.0,exactly 1 request payload bytes,AMISetUBootMemtestReq_T,AMISetUBootMemtestRes_T,ipmi_dev-3.177.0-ARM.spx/IPMI_AMIDevice.h:1727 | ipmi_dev-3.177.0-ARM.spx/IPMI_AMIDevice.h:1736,struct AMISetUBootMemtestReq_T PACKED { INT8U EnableMemoryTest; },struct AMISetUBootMemtestRes_T PACKED { INT8U CompletionCode; },"packed bytes; 8-bit endian-neutral; multi-byte native little-endian on exact ARM ELF, but handler cast/copy not proved by header alone",response byte 0 is INT8U CompletionCode,medium: sibling AMI SP-X command header; dispatch identity/length high,,a726253a-edfa-5f2e-baa0-4c1d31af48ab,f30eca169da646fc19c3dbbc4620efadc9dacd538dd7e1cfe498cee165450688
0x32,0x9d,AMIGetUBootMemtestStatus,libipmiamioemubootmemtest.so.13.0.0,exactly 0 request payload bytes,,AMIGetUBootMemtestStatusRes_T,ipmi_dev-3.177.0-ARM.spx/IPMI_AMIDevice.h:1745,,struct AMIGetUBootMemtestStatusRes_T PACKED { INT8U CompletionCode; INT8U MemtestStatus; INT8U IsMemtestEnable; },"packed bytes; 8-bit endian-neutral; multi-byte native little-endian on exact ARM ELF, but handler cast/copy not proved by header alone",response byte 0 is INT8U CompletionCode,medium: sibling AMI SP-X command header; dispatch identity/length high,,a726253a-edfa-5f2e-baa0-4c1d31af48ab,f30eca169da646fc19c3dbbc4620efadc9dacd538dd7e1cfe498cee165450688
0x32,0x9e,AMIGetRISConf,libipmiamioemris.so.13.0.0,exactly 2 request payload bytes,AMIGetRISConfReq_T,AMIGetRISConfRes_T,ipmi_dev-3.177.0-ARM.spx/IPMI_AMIConf.h:650 | ipmi_dev-3.177.0-ARM.spx/IPMI_AMIConf.h:656,struct AMIGetRISConfReq_T PACKED { INT8U MediaType; INT8U ParameterSelect; },struct AMIGetRISConfRes_T PACKED { INT8U CompletionCode; INT8U MediaType; INT8U ParameterSelect; RISConfig_T Config; },"packed bytes; 8-bit endian-neutral; multi-byte native little-endian on exact ARM ELF, but handler cast/copy not proved by header alone",response byte 0 is INT8U CompletionCode,medium: sibling AMI SP-X command header; dispatch identity/length high,,a726253a-edfa-5f2e-baa0-4c1d31af48ab,f30eca169da646fc19c3dbbc4620efadc9dacd538dd7e1cfe498cee165450688
0x32,0x9f,AMISetRISConf,libipmiamioemris.so.13.0.0,variable/unconstrained by dispatcher,AMISetRISConfReq_T,AMISetRISConfRes_T,ipmi_dev-3.177.0-ARM.spx/IPMI_AMIConf.h:665 | ipmi_dev-3.177.0-ARM.spx/IPMI_AMIConf.h:674,struct AMISetRISConfReq_T PACKED { INT8U MediaType; INT8U ParameterSelect; INT8U Blockselector; RISConfig_T config; },struct AMISetRISConfRes_T PACKED { INT8U CompletionCode; },"packed bytes; 8-bit endian-neutral; multi-byte native little-endian on exact ARM ELF, but handler cast/copy not proved by header alone",response byte 0 is INT8U CompletionCode,medium: sibling AMI SP-X command header; dispatch identity/length high,,a726253a-edfa-5f2e-baa0-4c1d31af48ab,f30eca169da646fc19c3dbbc4620efadc9dacd538dd7e1cfe498cee165450688
0x32,0xa0,AMIRISStartStop,libipmiamioemris.so.13.0.0,exactly 2 request payload bytes,AMIRISStartStopReq_T,AMIRISStartStopRes_T,ipmi_dev-3.177.0-ARM.spx/IPMI_AMIConf.h:681 | ipmi_dev-3.177.0-ARM.spx/IPMI_AMIConf.h:687,struct AMIRISStartStopReq_T PACKED { INT8U MediaType; INT8U ParameterSelect; },struct AMIRISStartStopRes_T PACKED { INT8U CompletionCode; },"packed bytes; 8-bit endian-neutral; multi-byte native little-endian on exact ARM ELF, but handler cast/copy not proved by header alone",response byte 0 is INT8U CompletionCode,medium: sibling AMI SP-X command header; dispatch identity/length high,,a726253a-edfa-5f2e-baa0-4c1d31af48ab,f30eca169da646fc19c3dbbc4620efadc9dacd538dd7e1cfe498cee165450688
0x32,0xa1,AMIControlDebugMsg,libipmiamioemctldbg.so.13.0.0,exactly 1 request payload bytes,AMIControlDebugMsgReq_T,AMIControlDebugMsgRes_T,ipmi_dev-3.177.0-ARM.spx/IPMI_AMICmds.h:33 | ipmi_dev-3.177.0-ARM.spx/IPMI_AMICmds.h:41,struct AMIControlDebugMsgReq_T PACKED { INT8U CtrlDebugMsg; },struct AMIControlDebugMsgRes_T PACKED { INT8U CompletionCode; INT8U DebugMsgStatus; },"packed bytes; 8-bit endian-neutral; multi-byte native little-endian on exact ARM ELF, but handler cast/copy not proved by header alone",response byte 0 is INT8U CompletionCode,medium: sibling AMI SP-X command header; dispatch identity/length high,,a726253a-edfa-5f2e-baa0-4c1d31af48ab,f30eca169da646fc19c3dbbc4620efadc9dacd538dd7e1cfe498cee165450688
0x32,0xa2,AMIGetDebugMsgStatus,libipmiamioemctldbg.so.13.0.0,exactly 0 request payload bytes,,AMIGetDebugMsgStatusRes_T,ipmi_dev-3.177.0-ARM.spx/IPMI_AMICmds.h:50,,struct AMIGetDebugMsgStatusRes_T PACKED { INT8U CompletionCode; INT8U DebugMsgStatus; },"packed bytes; 8-bit endian-neutral; multi-byte native little-endian on exact ARM ELF, but handler cast/copy not proved by header alone",response byte 0 is INT8U CompletionCode,medium: sibling AMI SP-X command header; dispatch identity/length high,,a726253a-edfa-5f2e-baa0-4c1d31af48ab,f30eca169da646fc19c3dbbc4620efadc9dacd538dd7e1cfe498cee165450688
0x32,0xa3,AMISetExtendedPrivilege,libipmiamioemextpriv.so.13.0.0,exactly 5 request payload bytes,AMISetExtendedPrivReq_T,,ipmi_dev-3.177.0-ARM.spx/IPMI_AMIConf.h:812,struct AMISetExtendedPrivReq_T PACKED { INT8U UserID; INT32U Extendedpriv; },,"packed bytes; 8-bit endian-neutral; multi-byte native little-endian on exact ARM ELF, but handler cast/copy not proved by header alone",not established by available response struct,medium: sibling AMI SP-X command header; dispatch identity/length high,response struct,a726253a-edfa-5f2e-baa0-4c1d31af48ab,f30eca169da646fc19c3dbbc4620efadc9dacd538dd7e1cfe498cee165450688
0x32,0xa4,AMIGetExtendedPrivilege,libipmiamioemextpriv.so.13.0.0,exactly 1 request payload bytes,AMIGetExtendedPrivReq_T,AMIGetExtendedPrivRes_T,ipmi_dev-3.177.0-ARM.spx/IPMI_AMIConf.h:792 | ipmi_dev-3.177.0-ARM.spx/IPMI_AMIConf.h:801,struct AMIGetExtendedPrivReq_T PACKED { INT8U UserID; },struct AMIGetExtendedPrivRes_T PACKED { INT8U CompletionCode; INT32U Extendedpriv; },"packed bytes; 8-bit endian-neutral; multi-byte native little-endian on exact ARM ELF, but handler cast/copy not proved by header alone",response byte 0 is INT8U CompletionCode,medium: sibling AMI SP-X command header; dispatch identity/length high,,a726253a-edfa-5f2e-baa0-4c1d31af48ab,f30eca169da646fc19c3dbbc4620efadc9dacd538dd7e1cfe498cee165450688
0x32,0xa5,AMISetTimeZone,libipmiamioemtimezone.so.13.3.0,variable/unconstrained by dispatcher,AMISetTimeZone_T,,ipmi_dev-3.177.0-ARM.spx/IPMI_AMITimeZoneCmds.h:43,struct AMISetTimeZone_T PACKED { INT8U ZoneName [TIME_ZONE_LEN]; },,"packed bytes; 8-bit endian-neutral; multi-byte native little-endian on exact ARM ELF, but handler cast/copy not proved by header alone",not established by available response struct,medium: sibling AMI SP-X command header; dispatch identity/length high,response struct,a726253a-edfa-5f2e-baa0-4c1d31af48ab,f30eca169da646fc19c3dbbc4620efadc9dacd538dd7e1cfe498cee165450688
0x32,0xa6,AMIGetTimeZone,libipmiamioemtimezone.so.13.3.0,exactly 0 request payload bytes,,AMIGetTimeZone_T,ipmi_dev-3.177.0-ARM.spx/IPMI_AMITimeZoneCmds.h:49,,struct AMIGetTimeZone_T PACKED { INT8U CompletionCode; INT8U ZoneName [TIME_ZONE_LEN]; },"packed bytes; 8-bit endian-neutral; multi-byte native little-endian on exact ARM ELF, but handler cast/copy not proved by header alone",response byte 0 is INT8U CompletionCode,medium: sibling AMI SP-X command header; dispatch identity/length high,,a726253a-edfa-5f2e-baa0-4c1d31af48ab,f30eca169da646fc19c3dbbc4620efadc9dacd538dd7e1cfe498cee165450688
0x32,0xa7,AMIGetNTPCfg,libipmiamioemntp.so.13.1.0,exactly 0 request payload bytes,,AMIGetNTPCfgRes_T,ipmi_dev-3.177.0-ARM.spx/IPMI_AMIDevice.h:1763,,struct AMIGetNTPCfgRes_T PACKED { INT8U CompletionCode; INT8U Status; INT8U PrimServer[MAX_SERVER_LEN]; INT8U SecServer[MAX_SERVER_LEN]; },"packed bytes; 8-bit endian-neutral; multi-byte native little-endian on exact ARM ELF, but handler cast/copy not proved by header alone",response byte 0 is INT8U CompletionCode,medium: sibling AMI SP-X command header; dispatch identity/length high,,a726253a-edfa-5f2e-baa0-4c1d31af48ab,f30eca169da646fc19c3dbbc4620efadc9dacd538dd7e1cfe498cee165450688
0x32,0xa8,AMISetNTPCfg,libipmiamioemntp.so.13.1.0,variable/unconstrained by dispatcher,AMISetNTPCfgReq_T,AMISetNTPCfgRes_T,ipmi_dev-3.177.0-ARM.spx/IPMI_AMIDevice.h:1778 | ipmi_dev-3.177.0-ARM.spx/IPMI_AMIDevice.h:1784,struct AMISetNTPCfgReq_T PACKED { INT8U param; NTPConfUn_T ntpconf; },struct AMISetNTPCfgRes_T PACKED { INT8U CompletionCode; },"packed bytes; 8-bit endian-neutral; multi-byte native little-endian on exact ARM ELF, but handler cast/copy not proved by header alone",response byte 0 is INT8U CompletionCode,medium: sibling AMI SP-X command header; dispatch identity/length high,,a726253a-edfa-5f2e-baa0-4c1d31af48ab,f30eca169da646fc19c3dbbc4620efadc9dacd538dd7e1cfe498cee165450688
0x32,0xa9,AMIYAFUReplaceSignedImageKey,libipmimsghndlr.so.13.22.0,variable/unconstrained by dispatcher,AMIYafuSignedImageKeyReq_T,AMIYafuSignedImageKeyRes_T,ipmi_dev-3.177.0-ARM.spx/IPMI_AMIDevice.h:1796 | ipmi_dev-3.177.0-ARM.spx/IPMI_AMIDevice.h:1808,struct AMIYafuSignedImageKeyReq_T PACKED { INT8U PubKey[MAX_PERMITTED_KEY_SIZE]; },struct AMIYafuSignedImageKeyRes_T PACKED { INT8U CompletionCode; },"packed bytes; 8-bit endian-neutral; multi-byte native little-endian on exact ARM ELF, but handler cast/copy not proved by header alone",response byte 0 is INT8U CompletionCode,medium: sibling AMI SP-X command header; dispatch identity/length high,,a726253a-edfa-5f2e-baa0-4c1d31af48ab,f30eca169da646fc19c3dbbc4620efadc9dacd538dd7e1cfe498cee165450688
0x32,0xaa,AMIVirtualDeviceSetStatus,libipmiamioempwrcons.so.13.1.0,exactly 1 request payload bytes,AMIVirtualDeviceSetStatusReq_T,AMIVirtualDeviceSetStatusRes_T,ipmi_dev-3.177.0-ARM.spx/IPMI_AMIDevice.h:1813 | ipmi_dev-3.177.0-ARM.spx/IPMI_AMIDevice.h:1818,struct AMIVirtualDeviceSetStatusReq_T PACKED { INT8U Status; },struct AMIVirtualDeviceSetStatusRes_T PACKED { INT8U CompletionCode; },"packed bytes; 8-bit endian-neutral; multi-byte native little-endian on exact ARM ELF, but handler cast/copy not proved by header alone",response byte 0 is INT8U CompletionCode,medium: sibling AMI SP-X command header; dispatch identity/length high,,a726253a-edfa-5f2e-baa0-4c1d31af48ab,f30eca169da646fc19c3dbbc4620efadc9dacd538dd7e1cfe498cee165450688
0x32,0xab,AMIVirtualDeviceGetStatus,libipmiamioempwrcons.so.13.1.0,exactly 0 request payload bytes,,AMIVirtualDeviceGetStatusRes_T,ipmi_dev-3.177.0-ARM.spx/IPMI_AMIDevice.h:1823,,struct AMIVirtualDeviceGetStatusRes_T PACKED { INT8U CompletionCode; INT8U Status; },"packed bytes; 8-bit endian-neutral; multi-byte native little-endian on exact ARM ELF, but handler cast/copy not proved by header alone",response byte 0 is INT8U CompletionCode,medium: sibling AMI SP-X command header; dispatch identity/length high,,a726253a-edfa-5f2e-baa0-4c1d31af48ab,f30eca169da646fc19c3dbbc4620efadc9dacd538dd7e1cfe498cee165450688
0x32,0xae,AMIGetHostLockFeatureStatus,libipmiamioemhostlock.so.13.0.0,exactly 0 request payload bytes,,AMIGetHostLockFeatureStatusRes_T,ipmi_dev-3.177.0-ARM.spx/IPMI_AMIConf.h:849,,struct AMIGetHostLockFeatureStatusRes_T PACKED { INT8U CompletionCode; INT8U LockFeatureStatus; },"packed bytes; 8-bit endian-neutral; multi-byte native little-endian on exact ARM ELF, but handler cast/copy not proved by header alone",response byte 0 is INT8U CompletionCode,medium: sibling AMI SP-X command header; dispatch identity/length high,,a726253a-edfa-5f2e-baa0-4c1d31af48ab,f30eca169da646fc19c3dbbc4620efadc9dacd538dd7e1cfe498cee165450688
0x32,0xaf,AMISetHostLockFeatureStatus,libipmiamioemhostlock.so.13.0.0,exactly 1 request payload bytes,AMISetHostLockFeatureStatusReq_T,AMISetHostLockFeatureStatusRes_T,ipmi_dev-3.177.0-ARM.spx/IPMI_AMIConf.h:859 | ipmi_dev-3.177.0-ARM.spx/IPMI_AMIConf.h:868,struct AMISetHostLockFeatureStatusReq_T PACKED { INT8U LockFeatureStatus; },struct AMISetHostLockFeatureStatusRes_T PACKED { INT8U CompletionCode; },"packed bytes; 8-bit endian-neutral; multi-byte native little-endian on exact ARM ELF, but handler cast/copy not proved by header alone",response byte 0 is INT8U CompletionCode,medium: sibling AMI SP-X command header; dispatch identity/length high,,a726253a-edfa-5f2e-baa0-4c1d31af48ab,f30eca169da646fc19c3dbbc4620efadc9dacd538dd7e1cfe498cee165450688
0x32,0xb0,AMIGetAllActiveSessions,libipmiamioemsessionmgmt.so.13.0.0,exactly 1 request payload bytes,AMIActiveSessionReq_T,AMIActiveSessionRes_T,ipmi_dev-3.177.0-ARM.spx/IPMI_AMIConf.h:1236 | ipmi_dev-3.177.0-ARM.spx/IPMI_AMIConf.h:1229,struct AMIActiveSessionReq_T PACKED { INT8U Session_type; },struct AMIActiveSessionRes_T PACKED { INT8U CompletionCode; INT8U totalrecord; INT32U record[20]; },"packed bytes; 8-bit endian-neutral; multi-byte native little-endian on exact ARM ELF, but handler cast/copy not proved by header alone",response byte 0 is INT8U CompletionCode,medium: sibling AMI SP-X command header; dispatch identity/length high,,a726253a-edfa-5f2e-baa0-4c1d31af48ab,f30eca169da646fc19c3dbbc4620efadc9dacd538dd7e1cfe498cee165450688
0x32,0xb1,AMIActiveSessionClose,libipmiamioemsessionmgmt.so.13.0.0,exactly 4 request payload bytes,AMIActivedcloseSessionReq_T,AMIActivedcloseSessionRes_T,ipmi_dev-3.177.0-ARM.spx/IPMI_AMIConf.h:1241 | ipmi_dev-3.177.0-ARM.spx/IPMI_AMIConf.h:1247,struct AMIActivedcloseSessionReq_T PACKED { INT32U racsessionid; },struct AMIActivedcloseSessionRes_T PACKED { INT8U CompletionCode; },"packed bytes; 8-bit endian-neutral; multi-byte native little-endian on exact ARM ELF, but handler cast/copy not proved by header alone",response byte 0 is INT8U CompletionCode,medium: sibling AMI SP-X command header; dispatch identity/length high,,a726253a-edfa-5f2e-baa0-4c1d31af48ab,f30eca169da646fc19c3dbbc4620efadc9dacd538dd7e1cfe498cee165450688
0x32,0xb4,AMIGetFwVersion,libipmimsghndlr.so.13.22.0,exactly 1 request payload bytes,AMIGetFwVersionReq_T,AMIGetFwVersionRes_T,ipmi_dev-3.177.0-ARM.spx/IPMI_AMIDevice.h:1852 | ipmi_dev-3.177.0-ARM.spx/IPMI_AMIDevice.h:1875,struct AMIGetFwVersionReq_T PACKED { INT8U DeviceNode; },struct AMIGetFwVersionRes_T PACKED { INT8U CompletionCode; INT8U Count; FwVersionRes_T FwVersionRes; },"packed bytes; 8-bit endian-neutral; multi-byte native little-endian on exact ARM ELF, but handler cast/copy not proved by header alone",response byte 0 is INT8U CompletionCode,medium: sibling AMI SP-X command header; dispatch identity/length high,,a726253a-edfa-5f2e-baa0-4c1d31af48ab,f30eca169da646fc19c3dbbc4620efadc9dacd538dd7e1cfe498cee165450688
0x32,0xb7,AMIGetRunTimeSinglePortStatus,libipmiamioemsingleport.so.13.0.0,exactly 0 request payload bytes,,AMIGetRunTimeSinglePortStatusRes_T,ipmi_dev-3.177.0-ARM.spx/IPMI_AMIConf.h:1292,,struct AMIGetRunTimeSinglePortStatusRes_T PACKED { INT8U CompletionCode; INT8U RuntimeSinglePort; },"packed bytes; 8-bit endian-neutral; multi-byte native little-endian on exact ARM ELF, but handler cast/copy not proved by header alone",response byte 0 is INT8U CompletionCode,medium: sibling AMI SP-X command header; dispatch identity/length high,,a726253a-edfa-5f2e-baa0-4c1d31af48ab,f30eca169da646fc19c3dbbc4620efadc9dacd538dd7e1cfe498cee165450688
0x32,0xb8,AMISetRunTimeSinglePortStatus,libipmiamioemsingleport.so.13.0.0,exactly 1 request payload bytes,AMISetRunTimeSinglePortStatusReq_T,,ipmi_dev-3.177.0-ARM.spx/IPMI_AMIConf.h:1298,struct AMISetRunTimeSinglePortStatusReq_T PACKED { INT8U RuntimeSinglePort; },,"packed bytes; 8-bit endian-neutral; multi-byte native little-endian on exact ARM ELF, but handler cast/copy not proved by header alone",not established by available response struct,medium: sibling AMI SP-X command header; dispatch identity/length high,response struct,a726253a-edfa-5f2e-baa0-4c1d31af48ab,f30eca169da646fc19c3dbbc4620efadc9dacd538dd7e1cfe498cee165450688
0x32,0xba,AMISetAllPreserveConfStatus,libipmiamioemprsvconf.so.13.0.0,exactly 2 request payload bytes,SetAllPreserveConfigReq_T,SetAllPreserveConfigRes_T,ipmi_dev-3.177.0-ARM.spx/AMIRestoreDefaults.h:97 | ipmi_dev-3.177.0-ARM.spx/AMIRestoreDefaults.h:103,struct SetAllPreserveConfigReq_T PACKED { INT16U Status; },struct SetAllPreserveConfigRes_T PACKED { INT8U CompletionCode; },"packed bytes; 8-bit endian-neutral; multi-byte native little-endian on exact ARM ELF, but handler cast/copy not proved by header alone",response byte 0 is INT8U CompletionCode,medium: sibling AMI SP-X command header; dispatch identity/length high,,a726253a-edfa-5f2e-baa0-4c1d31af48ab,f30eca169da646fc19c3dbbc4620efadc9dacd538dd7e1cfe498cee165450688
0x32,0xbb,AMIGetAllPreserveConfStatus,libipmiamioemprsvconf.so.13.0.0,exactly 0 request payload bytes,,GetAllPreserveConfigRes_T,ipmi_dev-3.177.0-ARM.spx/AMIRestoreDefaults.h:88,,struct GetAllPreserveConfigRes_T PACKED { INT8U CompletionCode; INT8U Reserved; INT16U Status; INT16U EnabledStatus; },"packed bytes; 8-bit endian-neutral; multi-byte native little-endian on exact ARM ELF, but handler cast/copy not proved by header alone",response byte 0 is INT8U CompletionCode,medium: sibling AMI SP-X command header; dispatch identity/length high,,a726253a-edfa-5f2e-baa0-4c1d31af48ab,f30eca169da646fc19c3dbbc4620efadc9dacd538dd7e1cfe498cee165450688
0x32,0xbc,AMIGetHostAutoLockStatus,libipmiamioemautohostlock.so.13.0.0,exactly 0 request payload bytes,,AMIGetHostAutoLockStatusRes_T,ipmi_dev-3.177.0-ARM.spx/IPMI_AMIConf.h:821,,struct AMIGetHostAutoLockStatusRes_T PACKED { INT8U CompletionCode; INT8U LockStatus; },"packed bytes; 8-bit endian-neutral; multi-byte native little-endian on exact ARM ELF, but handler cast/copy not proved by header alone",response byte 0 is INT8U CompletionCode,medium: sibling AMI SP-X command header; dispatch identity/length high,,a726253a-edfa-5f2e-baa0-4c1d31af48ab,f30eca169da646fc19c3dbbc4620efadc9dacd538dd7e1cfe498cee165450688
0x32,0xbd,AMISetHostAutoLockStatus,libipmiamioemautohostlock.so.13.0.0,exactly 1 request payload bytes,AMISetHostAutoLockStatusReq_T,AMISetHostAutoLockStatusRes_T,ipmi_dev-3.177.0-ARM.spx/IPMI_AMIConf.h:831 | ipmi_dev-3.177.0-ARM.spx/IPMI_AMIConf.h:840,struct AMISetHostAutoLockStatusReq_T PACKED { INT8U LockStatus; },struct AMISetHostAutoLockStatusRes_T PACKED { INT8U CompletionCode; },"packed bytes; 8-bit endian-neutral; multi-byte native little-endian on exact ARM ELF, but handler cast/copy not proved by header alone",response byte 0 is INT8U CompletionCode,medium: sibling AMI SP-X command header; dispatch identity/length high,,a726253a-edfa-5f2e-baa0-4c1d31af48ab,f30eca169da646fc19c3dbbc4620efadc9dacd538dd7e1cfe498cee165450688
0x32,0xbe,AMIGetChannelType,libipmimsghndlr.so.13.22.0,exactly 1 request payload bytes,AMIGetChannelTypeReq_T,AMIGetChannelTypeRes_T,ipmi_dev-3.177.0-ARM.spx/IPMI_AMIConf.h:874 | ipmi_dev-3.177.0-ARM.spx/IPMI_AMIConf.h:879,struct AMIGetChannelTypeReq_T PACKED { INT8U ChannelNumber; },struct AMIGetChannelTypeRes_T PACKED { INT8U CompletionCode; INT8U ChannelNumber; INT8U ChannelType; },"packed bytes; 8-bit endian-neutral; multi-byte native little-endian on exact ARM ELF, but handler cast/copy not proved by header alone",response byte 0 is INT8U CompletionCode,medium: sibling AMI SP-X command header; dispatch identity/length high,,a726253a-edfa-5f2e-baa0-4c1d31af48ab,f30eca169da646fc19c3dbbc4620efadc9dacd538dd7e1cfe498cee165450688
0x32,0xc0,AMIGetRemoteKVMCfg,libipmiamioemremotekvm.so.13.2.0,exactly 1 request payload bytes,AMIGetRemoteKVMCfgReq_T,AMIGetRemoteKVMCfgRes_T,ipmi_dev-3.177.0-ARM.spx/IPMI_AMIConf.h:902 | ipmi_dev-3.177.0-ARM.spx/IPMI_AMIConf.h:918,struct AMIGetRemoteKVMCfgReq_T PACKED { INT8U ParameterSelect; },struct AMIGetRemoteKVMCfgRes_T PACKED { INT8U CompletionCode; RemoteKVMCfg_T RemoteKVMCfg; },"packed bytes; 8-bit endian-neutral; multi-byte native little-endian on exact ARM ELF, but handler cast/copy not proved by header alone",response byte 0 is INT8U CompletionCode,medium: sibling AMI SP-X command header; dispatch identity/length high,,a726253a-edfa-5f2e-baa0-4c1d31af48ab,f30eca169da646fc19c3dbbc4620efadc9dacd538dd7e1cfe498cee165450688
0x32,0xc1,AMISetRemoteKVMCfg,libipmiamioemremotekvm.so.13.2.0,variable/unconstrained by dispatcher,AMISetRemoteKVMCfgReq_T,AMISetRemoteKVMCfgRes_T,ipmi_dev-3.177.0-ARM.spx/IPMI_AMIConf.h:924 | ipmi_dev-3.177.0-ARM.spx/IPMI_AMIConf.h:930,struct AMISetRemoteKVMCfgReq_T PACKED { INT8U ParameterSelect; RemoteKVMCfg_T RemoteKVMcfg; },struct AMISetRemoteKVMCfgRes_T PACKED { INT8U CompletionCode; },"packed bytes; 8-bit endian-neutral; multi-byte native little-endian on exact ARM ELF, but handler cast/copy not proved by header alone",response byte 0 is INT8U CompletionCode,medium: sibling AMI SP-X command header; dispatch identity/length high,,a726253a-edfa-5f2e-baa0-4c1d31af48ab,f30eca169da646fc19c3dbbc4620efadc9dacd538dd7e1cfe498cee165450688
0x32,0xc2,AMIGetFeatureStatus,libipmimsghndlr.so.13.22.0,variable/unconstrained by dispatcher,,AMIGetFeatureStatusRes_T,ipmi_dev-3.177.0-ARM.spx/IPMI_AMIDevice.h:1858,,struct AMIGetFeatureStatusRes_T PACKED { INT8U CompletionCode; INT8U FeatureStatus; },"packed bytes; 8-bit endian-neutral; multi-byte native little-endian on exact ARM ELF, but handler cast/copy not proved by header alone",response byte 0 is INT8U CompletionCode,medium: sibling AMI SP-X command header; dispatch identity/length high,request struct,a726253a-edfa-5f2e-baa0-4c1d31af48ab,f30eca169da646fc19c3dbbc4620efadc9dacd538dd7e1cfe498cee165450688
0x32,0xc3,AMIGetSSLCertStatus,libipmimsghndlr.so.13.22.0,exactly 1 request payload bytes,AMIGetSSLCertStatusReq_T,AMIGetSSLCertStatusRes_T,ipmi_dev-3.177.0-ARM.spx/IPMI_AMISSL.h:48 | ipmi_dev-3.177.0-ARM.spx/IPMI_AMISSL.h:61,struct AMIGetSSLCertStatusReq_T PACKED { INT8U Param; },struct AMIGetSSLCertStatusRes_T PACKED { INT8U CompletionCode; SSLCertInfo_T SSLCertInfo; },"packed bytes; 8-bit endian-neutral; multi-byte native little-endian on exact ARM ELF, but handler cast/copy not proved by header alone",response byte 0 is INT8U CompletionCode,medium: sibling AMI SP-X command header; dispatch identity/length high,,a726253a-edfa-5f2e-baa0-4c1d31af48ab,f30eca169da646fc19c3dbbc4620efadc9dacd538dd7e1cfe498cee165450688
0x32,0xc4,AMIGetADConf,libipmiamioemad.so.13.1.0,variable/unconstrained by dispatcher,AMIGetADReq_T,AMIGetADRes_T,ipmi_dev-3.177.0-ARM.spx/IPMI_AMIConf.h:1102 | ipmi_dev-3.177.0-ARM.spx/IPMI_AMIConf.h:1109,struct AMIGetADReq_T PACKED { INT8U ParameterSelector; INT8U UserID; INT8U GroupRoleconf; },struct AMIGetADRes_T PACKED { INT8U CompletionCode; ADCONFIG_T Config; },"packed bytes; 8-bit endian-neutral; multi-byte native little-endian on exact ARM ELF, but handler cast/copy not proved by header alone",response byte 0 is INT8U CompletionCode,medium: sibling AMI SP-X command header; dispatch identity/length high,,a726253a-edfa-5f2e-baa0-4c1d31af48ab,f30eca169da646fc19c3dbbc4620efadc9dacd538dd7e1cfe498cee165450688
0x32,0xc5,AMISetADConf,libipmiamioemad.so.13.1.0,variable/unconstrained by dispatcher,AMISetADReq_T,AMISetADRes_T,ipmi_dev-3.177.0-ARM.spx/IPMI_AMIConf.h:1114 | ipmi_dev-3.177.0-ARM.spx/IPMI_AMIConf.h:1121,struct AMISetADReq_T PACKED { INT8U ParameterSelector; INT8U Blockselector; ADCONFIG_T Configdata; },struct AMISetADRes_T PACKED { INT8U CompletionCode; },"packed bytes; 8-bit endian-neutral; multi-byte native little-endian on exact ARM ELF, but handler cast/copy not proved by header alone",response byte 0 is INT8U CompletionCode,medium: sibling AMI SP-X command header; dispatch identity/length high,,a726253a-edfa-5f2e-baa0-4c1d31af48ab,f30eca169da646fc19c3dbbc4620efadc9dacd538dd7e1cfe498cee165450688
0x32,0xc6,AMIGetRadiusConf,libipmiamioemradius.so.13.1.0,variable/unconstrained by dispatcher,AMIGetRadiusReq_T,AMIGetRadiusRes_T,ipmi_dev-3.177.0-ARM.spx/IPMI_AMIConf.h:1206 | ipmi_dev-3.177.0-ARM.spx/IPMI_AMIConf.h:1212,struct AMIGetRadiusReq_T PACKED { INT8U ParameterSelector; INT8U Accesslevel; },struct AMIGetRadiusRes_T PACKED { INT8U CompletionCode; RadiusConfig_T Config; },"packed bytes; 8-bit endian-neutral; multi-byte native little-endian on exact ARM ELF, but handler cast/copy not proved by header alone",response byte 0 is INT8U CompletionCode,medium: sibling AMI SP-X command header; dispatch identity/length high,,a726253a-edfa-5f2e-baa0-4c1d31af48ab,f30eca169da646fc19c3dbbc4620efadc9dacd538dd7e1cfe498cee165450688
0x32,0xc7,AMISetRadiusConf,libipmiamioemradius.so.13.1.0,variable/unconstrained by dispatcher,AMISetRadiusReq_T,AMISetRadiusRes_T,ipmi_dev-3.177.0-ARM.spx/IPMI_AMIConf.h:1218 | ipmi_dev-3.177.0-ARM.spx/IPMI_AMIConf.h:1225,struct AMISetRadiusReq_T PACKED { INT8U ParameterSelector; INT8U Blockselector; RadiusConfig_T ConfigData; },struct AMISetRadiusRes_T PACKED { INT8U CompletionCode; },"packed bytes; 8-bit endian-neutral; multi-byte native little-endian on exact ARM ELF, but handler cast/copy not proved by header alone",response byte 0 is INT8U CompletionCode,medium: sibling AMI SP-X command header; dispatch identity/length high,,a726253a-edfa-5f2e-baa0-4c1d31af48ab,f30eca169da646fc19c3dbbc4620efadc9dacd538dd7e1cfe498cee165450688
0x32,0xc8,AMIGetLDAPConf,libipmiamioemldap.so.13.1.0,variable/unconstrained by dispatcher,AMIGetLDAPReq_T,AMIGetLDAPRes_T,ipmi_dev-3.177.0-ARM.spx/IPMI_AMIConf.h:993 | ipmi_dev-3.177.0-ARM.spx/IPMI_AMIConf.h:1000,struct AMIGetLDAPReq_T PACKED { INT8U ParameterSelector; INT8U UserID; INT8U GroupRoleconf; },struct AMIGetLDAPRes_T PACKED { INT8U CompletionCode; LDAPConfig_T Config; },"packed bytes; 8-bit endian-neutral; multi-byte native little-endian on exact ARM ELF, but handler cast/copy not proved by header alone",response byte 0 is INT8U CompletionCode,medium: sibling AMI SP-X command header; dispatch identity/length high,,a726253a-edfa-5f2e-baa0-4c1d31af48ab,f30eca169da646fc19c3dbbc4620efadc9dacd538dd7e1cfe498cee165450688
0x32,0xc9,AMISetLDAPConf,libipmiamioemldap.so.13.1.0,variable/unconstrained by dispatcher,AMISetLDAPReq_T,AMISetLDAPRes_T,ipmi_dev-3.177.0-ARM.spx/IPMI_AMIConf.h:1006 | ipmi_dev-3.177.0-ARM.spx/IPMI_AMIConf.h:1013,struct AMISetLDAPReq_T PACKED { INT8U ParameterSelector; INT8U Blockselector; LDAPConfig_T Config; },struct AMISetLDAPRes_T PACKED { INT8U CompletionCode; },"packed bytes; 8-bit endian-neutral; multi-byte native little-endian on exact ARM ELF, but handler cast/copy not proved by header alone",response byte 0 is INT8U CompletionCode,medium: sibling AMI SP-X command header; dispatch identity/length high,,a726253a-edfa-5f2e-baa0-4c1d31af48ab,f30eca169da646fc19c3dbbc4620efadc9dacd538dd7e1cfe498cee165450688
0x32,0xca,AMIGetVmediaCfg,libipmiamioemmedia.so.13.4.0,exactly 1 request payload bytes,AMIGetVmediaCfgReq_T,AMIGetVmediaCfgRes_T,ipmi_dev-3.177.0-ARM.spx/IPMI_AMIConf.h:1252 | ipmi_dev-3.177.0-ARM.spx/IPMI_AMIConf.h:1275,struct AMIGetVmediaCfgReq_T PACKED { INT8U Param; },struct AMIGetVmediaCfgRes_T PACKED { INT8U CompletionCode; VMediaConfig_T VMediaConfig; },"packed bytes; 8-bit endian-neutral; multi-byte native little-endian on exact ARM ELF, but handler cast/copy not proved by header alone",response byte 0 is INT8U CompletionCode,medium: sibling AMI SP-X command header; dispatch identity/length high,,a726253a-edfa-5f2e-baa0-4c1d31af48ab,f30eca169da646fc19c3dbbc4620efadc9dacd538dd7e1cfe498cee165450688
0x32,0xcb,AMISetVmediaCfg,libipmiamioemmedia.so.13.4.0,exactly 2 request payload bytes,AMISetVmediaCfgReq_T,AMISetVmediaCfgRes_T,ipmi_dev-3.177.0-ARM.spx/IPMI_AMIConf.h:1281 | ipmi_dev-3.177.0-ARM.spx/IPMI_AMIConf.h:1287,struct AMISetVmediaCfgReq_T PACKED { INT8U Param; VMediaConfig_T VMediaConfig; },struct AMISetVmediaCfgRes_T PACKED { INT8U CompletionCode; },"packed bytes; 8-bit endian-neutral; multi-byte native little-endian on exact ARM ELF, but handler cast/copy not proved by header alone",response byte 0 is INT8U CompletionCode,medium: sibling AMI SP-X command header; dispatch identity/length high,,a726253a-edfa-5f2e-baa0-4c1d31af48ab,f30eca169da646fc19c3dbbc4620efadc9dacd538dd7e1cfe498cee165450688
0x32,0xcc,AMIAddExtendSelEntries,libipmiamioemextendedsel.so.13.2.0,variable/unconstrained by dispatcher,AddExtendSELReq_T,AddExtendSELRes_T,ipmi_dev-3.177.0-ARM.spx/IPMI_AMIExtsel.h:91 | ipmi_dev-3.177.0-ARM.spx/IPMI_AMIExtsel.h:84,struct AddExtendSELReq_T PACKED { ExtendSELHead_T ExtendSELHead; INT8U ExtendSELData[EXTSELBUFFER]; },struct AddExtendSELRes_T PACKED { INT8U CompletionCode; INT16U RecID; },"packed bytes; 8-bit endian-neutral; multi-byte native little-endian on exact ARM ELF, but handler cast/copy not proved by header alone",response byte 0 is INT8U CompletionCode,medium: sibling AMI SP-X command header; dispatch identity/length high,,a726253a-edfa-5f2e-baa0-4c1d31af48ab,f30eca169da646fc19c3dbbc4620efadc9dacd538dd7e1cfe498cee165450688
0x32,0xcd,AMIGETExtendSelData,libipmiamioemextendedsel.so.13.2.0,exactly 2 request payload bytes,AMIGetExtendSELDataReq_T,AMIGetExtendSELDataRes_T,ipmi_dev-3.177.0-ARM.spx/IPMI_AMIExtsel.h:70 | ipmi_dev-3.177.0-ARM.spx/IPMI_AMIExtsel.h:76,struct AMIGetExtendSELDataReq_T PACKED { INT16U RecID; },struct AMIGetExtendSELDataRes_T PACKED { INT8U CompletionCode; INT8U DataSize; INT8U ExtendSELData[EXTSELBUFFER]; },"packed bytes; 8-bit endian-neutral; multi-byte native little-endian on exact ARM ELF, but handler cast/copy not proved by header alone",response byte 0 is INT8U CompletionCode,medium: sibling AMI SP-X command header; dispatch identity/length high,,a726253a-edfa-5f2e-baa0-4c1d31af48ab,f30eca169da646fc19c3dbbc4620efadc9dacd538dd7e1cfe498cee165450688
0x32,0xce,AMISendToBios,libipmiamioembiosremotecontrol.so.13.0.0,variable/unconstrained by dispatcher,AMISendToBiosReq_T,AMISendToBiosRes_T,ipmi_dev-3.177.0-ARM.spx/IPMI_AMIBiosCode.h:47 | ipmi_dev-3.177.0-ARM.spx/IPMI_AMIBiosCode.h:55,struct AMISendToBiosReq_T PACKED { INT8U Sequence_ID; INT8U Action; INT8U Request_Data_Length; INT8U Variable_data[MAX_BUFFER_SIZE]; },struct AMISendToBiosRes_T PACKED { INT8U CompletionCode; INT8U Sequence_ID; },"packed bytes; 8-bit endian-neutral; multi-byte native little-endian on exact ARM ELF, but handler cast/copy not proved by header alone",response byte 0 is INT8U CompletionCode,medium: sibling AMI SP-X command header; dispatch identity/length high,,a726253a-edfa-5f2e-baa0-4c1d31af48ab,f30eca169da646fc19c3dbbc4620efadc9dacd538dd7e1cfe498cee165450688
0x32,0xcf,AMIGetBiosCommand,libipmiamioembiosremotecontrol.so.13.0.0,exactly 0 request payload bytes,,AMIGetBiosCommandRes_T,ipmi_dev-3.177.0-ARM.spx/IPMI_AMIBiosCode.h:63,,struct AMIGetBiosCommandRes_T PACKED { INT8U CompletionCode; INT8U Sequence_ID; INT8U Action; INT8U Request_Data_Length; INT8U Variable_data[MAX_BUFFER_SIZE]; },"packed bytes; 8-bit endian-neutral; multi-byte native little-endian on exact ARM ELF, but handler cast/copy not proved by header alone",response byte 0 is INT8U CompletionCode,medium: sibling AMI SP-X command header; dispatch identity/length high,,a726253a-edfa-5f2e-baa0-4c1d31af48ab,f30eca169da646fc19c3dbbc4620efadc9dacd538dd7e1cfe498cee165450688
0x32,0xd1,AMISetBiosResponse,libipmiamioembiosremotecontrol.so.13.0.0,variable/unconstrained by dispatcher,AMISetBiosReponseReq_T,AMISetBiosReponseRes_T,ipmi_dev-3.177.0-ARM.spx/IPMI_AMIBiosCode.h:74 | ipmi_dev-3.177.0-ARM.spx/IPMI_AMIBiosCode.h:81,struct AMISetBiosReponseReq_T PACKED { INT8U Sequence_ID; INT8U Response_Data_Length; INT8U Response_data[MAX_BUFFER_SIZE]; },struct AMISetBiosReponseRes_T PACKED { INT8U CompletionCode; },"packed bytes; 8-bit endian-neutral; multi-byte native little-endian on exact ARM ELF, but handler cast/copy not proved by header alone",response byte 0 is INT8U CompletionCode,medium: sibling AMI SP-X command header; dispatch identity/length high,,a726253a-edfa-5f2e-baa0-4c1d31af48ab,f30eca169da646fc19c3dbbc4620efadc9dacd538dd7e1cfe498cee165450688
0x32,0xd2,AMIGetBiosResponse,libipmiamioembiosremotecontrol.so.13.0.0,exactly 1 request payload bytes,AMIGetBiosReponseSReq_T,AMIGetBiosReponseSRes_T,ipmi_dev-3.177.0-ARM.spx/IPMI_AMIBiosCode.h:87 | ipmi_dev-3.177.0-ARM.spx/IPMI_AMIBiosCode.h:92,struct AMIGetBiosReponseSReq_T PACKED { INT8U Sequence_ID; },struct AMIGetBiosReponseSRes_T PACKED { INT8U CompletionCode; INT8U Response_Data_Length; INT8U Response_data[MAX_BUFFER_SIZE]; },"packed bytes; 8-bit endian-neutral; multi-byte native little-endian on exact ARM ELF, but handler cast/copy not proved by header alone",response byte 0 is INT8U CompletionCode,medium: sibling AMI SP-X command header; dispatch identity/length high,,a726253a-edfa-5f2e-baa0-4c1d31af48ab,f30eca169da646fc19c3dbbc4620efadc9dacd538dd7e1cfe498cee165450688
0x32,0xd3,AMISetBiosFlag,libipmiamioembiosremotecontrol.so.13.0.0,exactly 8 request payload bytes,AMISetBiosFlagReq_T,AMISetBiosFlagRes_T,ipmi_dev-3.177.0-ARM.spx/IPMI_AMIBiosCode.h:100 | ipmi_dev-3.177.0-ARM.spx/IPMI_AMIBiosCode.h:106,struct AMISetBiosFlagReq_T PACKED { INT32U MASK; INT32U BIOS_Flag; },struct AMISetBiosFlagRes_T PACKED { INT8U CompletionCode; },"packed bytes; 8-bit endian-neutral; multi-byte native little-endian on exact ARM ELF, but handler cast/copy not proved by header alone",response byte 0 is INT8U CompletionCode,medium: sibling AMI SP-X command header; dispatch identity/length high,,a726253a-edfa-5f2e-baa0-4c1d31af48ab,f30eca169da646fc19c3dbbc4620efadc9dacd538dd7e1cfe498cee165450688
0x32,0xd4,AMIGetBiosFlag,libipmiamioembiosremotecontrol.so.13.0.0,exactly 0 request payload bytes,,AMIGetBiosFlagRes_T,ipmi_dev-3.177.0-ARM.spx/IPMI_AMIBiosCode.h:112,,struct AMIGetBiosFlagRes_T PACKED { INT8U CompletionCode; INT32U BIOS_Flag; },"packed bytes; 8-bit endian-neutral; multi-byte native little-endian on exact ARM ELF, but handler cast/copy not proved by header alone",response byte 0 is INT8U CompletionCode,medium: sibling AMI SP-X command header; dispatch identity/length high,,a726253a-edfa-5f2e-baa0-4c1d31af48ab,f30eca169da646fc19c3dbbc4620efadc9dacd538dd7e1cfe498cee165450688
0x32,0xd5,AMIPLDMBIOSMsg,libipmiamioempldmcmds.so.13.4.0,variable/unconstrained by dispatcher,SetGetPLDMBIOSTableReq_T,SetGetPLDMBIOSTableRes_T,ipmi_dev-3.177.0-ARM.spx/IPMI_AMIBiosCode.h:159 | ipmi_dev-3.177.0-ARM.spx/IPMI_AMIBiosCode.h:178,struct SetGetPLDMBIOSTableReq_T PACKED { PLDMMsgCmdFields_T PLDMMsgFields; PLDMTransferInfo_T PLDMTransferInfo; },struct SetGetPLDMBIOSTableRes_T PACKED { PLDMBIOSTableResponse_T PLDMBIOSRes; CommonPLDM_T CommonPLDM; },"packed bytes; 8-bit endian-neutral; multi-byte native little-endian on exact ARM ELF, but handler cast/copy not proved by header alone",not established by available response struct,medium: sibling AMI SP-X command header; dispatch identity/length high,,a726253a-edfa-5f2e-baa0-4c1d31af48ab,f30eca169da646fc19c3dbbc4620efadc9dacd538dd7e1cfe498cee165450688
0x32,0xd6,AMIPLDMFIRMWAREMsg,libpldmfwupdate.so.13.2.0,variable/unconstrained by dispatcher,,,,,,"packed bytes; 8-bit endian-neutral; multi-byte native little-endian on exact ARM ELF, but handler cast/copy not proved by header alone",not established by available response struct,high dispatch identity/length; wire schema unresolved,request struct; response struct,a726253a-edfa-5f2e-baa0-4c1d31af48ab,f30eca169da646fc19c3dbbc4620efadc9dacd538dd7e1cfe498cee165450688
0x32,0xd7,AMIMediaRedirectionStartStop,libipmiamioemmedia.so.13.4.0,variable/unconstrained by dispatcher,AMIMediaRedirctionStartStopReq_T,AMIMediaRedirctionStartStopRes_T,ipmi_dev-3.177.0-ARM.spx/IPMI_AMIConf.h:722 | ipmi_dev-3.177.0-ARM.spx/IPMI_AMIConf.h:731,struct AMIMediaRedirctionStartStopReq_T PACKED { INT8U Param; INT8U AppType; INT8U ImageType; INT8U RedirectionState; ImageInfo_T ImageInfo; },struct AMIMediaRedirctionStartStopRes_T PACKED { INT8U CompletionCode; },"packed bytes; 8-bit endian-neutral; multi-byte native little-endian on exact ARM ELF, but handler cast/copy not proved by header alone",response byte 0 is INT8U CompletionCode,medium: sibling AMI SP-X command header; dispatch identity/length high,,a726253a-edfa-5f2e-baa0-4c1d31af48ab,f30eca169da646fc19c3dbbc4620efadc9dacd538dd7e1cfe498cee165450688
0x32,0xd8,AMIGetMediaInfo,libipmiamioemmedia.so.13.4.0,variable/unconstrained by dispatcher,AMIGetMediaInfoReq_T,AMIGetMediaInfoRes_T,ipmi_dev-3.177.0-ARM.spx/IPMI_AMIConf.h:736 | ipmi_dev-3.177.0-ARM.spx/IPMI_AMIConf.h:744,struct AMIGetMediaInfoReq_T PACKED { INT8U Param; INT8U AppType; INT8U ImageType; INT8U ImageIndex; },struct AMIGetMediaInfoRes_T PACKED { INT8U CompletionCode; INT8U AppType; INT8U Num_of_images; },"packed bytes; 8-bit endian-neutral; multi-byte native little-endian on exact ARM ELF, but handler cast/copy not proved by header alone",response byte 0 is INT8U CompletionCode,medium: sibling AMI SP-X command header; dispatch identity/length high,,a726253a-edfa-5f2e-baa0-4c1d31af48ab,f30eca169da646fc19c3dbbc4620efadc9dacd538dd7e1cfe498cee165450688
0x32,0xd9,AMISetMediaInfo,libipmiamioemmedia.so.13.4.0,variable/unconstrained by dispatcher,AMISetMediaInfoReq_T,AMISetMediaInfoRes_T,ipmi_dev-3.177.0-ARM.spx/IPMI_AMIConf.h:775 | ipmi_dev-3.177.0-ARM.spx/IPMI_AMIConf.h:782,struct AMISetMediaInfoReq_T PACKED { INT8U Param; INT8U AppType; SetOperations_T Ops; },struct AMISetMediaInfoRes_T PACKED { INT8U CompletionCode; },"packed bytes; 8-bit endian-neutral; multi-byte native little-endian on exact ARM ELF, but handler cast/copy not proved by header alone",response byte 0 is INT8U CompletionCode,medium: sibling AMI SP-X command header; dispatch identity/length high,,a726253a-edfa-5f2e-baa0-4c1d31af48ab,f30eca169da646fc19c3dbbc4620efadc9dacd538dd7e1cfe498cee165450688
0x32,0xdc,AMIGetRedirectedMediaInfo,libipmiamioemmedia.so.13.4.0,exactly 2 request payload bytes,,,,,,"packed bytes; 8-bit endian-neutral; multi-byte native little-endian on exact ARM ELF, but handler cast/copy not proved by header alone",not established by available response struct,high dispatch identity/length; wire schema unresolved,request struct; response struct,a726253a-edfa-5f2e-baa0-4c1d31af48ab,f30eca169da646fc19c3dbbc4620efadc9dacd538dd7e1cfe498cee165450688
0x32,0xe3,AMISetBackupFlag,libipmiamioembackuprestore.so.13.3.0,exactly 2 request payload bytes,SetBackupFlagReq_T,SetBackupFlagRes_T,ipmi_dev-3.177.0-ARM.spx/AMIRestoreDefaults.h:109 | ipmi_dev-3.177.0-ARM.spx/AMIRestoreDefaults.h:115,struct SetBackupFlagReq_T PACKED { INT16U BackupFlag; },struct SetBackupFlagRes_T PACKED { INT8U CompletionCode; },"packed bytes; 8-bit endian-neutral; multi-byte native little-endian on exact ARM ELF, but handler cast/copy not proved by header alone",response byte 0 is INT8U CompletionCode,medium: sibling AMI SP-X command header; dispatch identity/length high,,a726253a-edfa-5f2e-baa0-4c1d31af48ab,f30eca169da646fc19c3dbbc4620efadc9dacd538dd7e1cfe498cee165450688
0x32,0xe4,AMIGetBackupFlag,libipmiamioembackuprestore.so.13.3.0,variable/unconstrained by dispatcher,GetBackupConfigReq_T,GetBackupConfigRes_T,ipmi_dev-3.177.0-ARM.spx/AMIRestoreDefaults.h:120 | ipmi_dev-3.177.0-ARM.spx/AMIRestoreDefaults.h:143,struct GetBackupConfigReq_T PACKED { INT8U Parameter; INT8U Selector; },struct GetBackupConfigRes_T PACKED { INT8U CompletionCode; GetBackupConfig_T GetBackupConfig; },"packed bytes; 8-bit endian-neutral; multi-byte native little-endian on exact ARM ELF, but handler cast/copy not proved by header alone",response byte 0 is INT8U CompletionCode,medium: sibling AMI SP-X command header; dispatch identity/length high,,a726253a-edfa-5f2e-baa0-4c1d31af48ab,f30eca169da646fc19c3dbbc4620efadc9dacd538dd7e1cfe498cee165450688
0x32,0xe5,AMIManageBMCConfig,libipmiamioembackuprestore.so.13.3.0,variable/unconstrained by dispatcher,AMIManageBMCConfigReq_T,AMIManageBMCConfigRes_T,ipmi_dev-3.177.0-ARM.spx/AMIRestoreDefaults.h:150 | ipmi_dev-3.177.0-ARM.spx/AMIRestoreDefaults.h:157,struct AMIManageBMCConfigReq_T PACKED { INT8U Parameter; INT8U IPAddress[IP6_ADDR_LEN+1]; },struct AMIManageBMCConfigRes_T PACKED { INT8U CompletionCode; },"packed bytes; 8-bit endian-neutral; multi-byte native little-endian on exact ARM ELF, but handler cast/copy not proved by header alone",response byte 0 is INT8U CompletionCode,medium: sibling AMI SP-X command header; dispatch identity/length high,,a726253a-edfa-5f2e-baa0-4c1d31af48ab,f30eca169da646fc19c3dbbc4620efadc9dacd538dd7e1cfe498cee165450688
0x32,0xe6,AMIRestartWebService,libipmimsghndlr.so.13.22.0,exactly 0 request payload bytes,,AMIRestartWebServiceRes_T,ipmi_dev-3.177.0-ARM.spx/IPMI_AMIConf.h:1318,,struct AMIRestartWebServiceRes_T PACKED { INT8U CompletionCode; INT8U Enable; },"packed bytes; 8-bit endian-neutral; multi-byte native little-endian on exact ARM ELF, but handler cast/copy not proved by header alone",response byte 0 is INT8U CompletionCode,medium: sibling AMI SP-X command header; dispatch identity/length high,,a726253a-edfa-5f2e-baa0-4c1d31af48ab,f30eca169da646fc19c3dbbc4620efadc9dacd538dd7e1cfe498cee165450688
0x32,0xe7,AMIGetPendStatus,libipmimsghndlr.so.13.22.0,exactly 4 request payload bytes,AMIGetPendStatusReq_T,AMIGetPendStatusRes_T,ipmi_dev-3.177.0-ARM.spx/AMIRestoreDefaults.h:169 | ipmi_dev-3.177.0-ARM.spx/AMIRestoreDefaults.h:174,struct AMIGetPendStatusReq_T PACKED { INT32U Operation; },struct AMIGetPendStatusRes_T PACKED { INT8U CompletionCode; INT8U PendStatus; INT16U ErrorCode; },"packed bytes; 8-bit endian-neutral; multi-byte native little-endian on exact ARM ELF, but handler cast/copy not proved by header alone",response byte 0 is INT8U CompletionCode,medium: sibling AMI SP-X command header; dispatch identity/length high,,a726253a-edfa-5f2e-baa0-4c1d31af48ab,f30eca169da646fc19c3dbbc4620efadc9dacd538dd7e1cfe498cee165450688
0x32,0xe8,AMIFirmwareCommand,libipmimsghndlr.so.13.22.0,variable/unconstrained by dispatcher,AMIFWCommandReq_T,AMIFWCommandRes_T,ipmi_dev-3.177.0-ARM.spx/IPMI_AMIFirmwareUpdate.h:43 | ipmi_dev-3.177.0-ARM.spx/IPMI_AMIFirmwareUpdate.h:49,struct AMIFWCommandReq_T PACKED { INT8U FWSubCommand; INT8U FWCommandData[256]; },struct AMIFWCommandRes_T PACKED { INT8U CompletionCode; INT8U FWResData[256]; },"packed bytes; 8-bit endian-neutral; multi-byte native little-endian on exact ARM ELF, but handler cast/copy not proved by header alone",response byte 0 is INT8U CompletionCode,medium: sibling AMI SP-X command header; dispatch identity/length high,,a726253a-edfa-5f2e-baa0-4c1d31af48ab,f30eca169da646fc19c3dbbc4620efadc9dacd538dd7e1cfe498cee165450688
0x32,0xe9,AMIGetReleaseNote,libipmimsghndlr.so.13.22.0,exactly 3 request payload bytes,AMIGetReleaseNoteReq_T,AMIGetReleaseNoteRes_T,ipmi_dev-3.177.0-ARM.spx/IPMI_AMIFirmwareUpdate.h:29 | ipmi_dev-3.177.0-ARM.spx/IPMI_AMIFirmwareUpdate.h:35,struct AMIGetReleaseNoteReq_T PACKED { INT8U DeviceType; INT16U DataOffset; },struct AMIGetReleaseNoteRes_T PACKED { INT8U CompletionCode; INT16U NextOffset; INT16U DataLen; INT8U ChunkData[128]; },"packed bytes; 8-bit endian-neutral; multi-byte native little-endian on exact ARM ELF, but handler cast/copy not proved by header alone",response byte 0 is INT8U CompletionCode,medium: sibling AMI SP-X command header; dispatch identity/length high,,a726253a-edfa-5f2e-baa0-4c1d31af48ab,f30eca169da646fc19c3dbbc4620efadc9dacd538dd7e1cfe498cee165450688
0x32,0xec,AMISetSSLCert,libipmimsghndlr.so.13.22.0,variable/unconstrained by dispatcher,AMISetSSLCertReq_T,AMISetSSLCertRes_T,ipmi_dev-3.177.0-ARM.spx/IPMI_AMISSL.h:67 | ipmi_dev-3.177.0-ARM.spx/IPMI_AMISSL.h:73,struct AMISetSSLCertReq_T PACKED { INT8U Param; SSL_T SSLCertdetails; },struct AMISetSSLCertRes_T PACKED { INT8U CompletionCode; },"packed bytes; 8-bit endian-neutral; multi-byte native little-endian on exact ARM ELF, but handler cast/copy not proved by header alone",response byte 0 is INT8U CompletionCode,medium: sibling AMI SP-X command header; dispatch identity/length high,,a726253a-edfa-5f2e-baa0-4c1d31af48ab,f30eca169da646fc19c3dbbc4620efadc9dacd538dd7e1cfe498cee165450688
0x32,0xee,AMISwitchMUX,libipmimsghndlr.so.13.22.0,exactly 1 request payload bytes,AMISwitchMUXReq_T,,ipmi_dev-3.177.0-ARM.spx/IPMI_AMIConf.h:1469,struct AMISwitchMUXReq_T PACKED { INT8U direction; },,"packed bytes; 8-bit endian-neutral; multi-byte native little-endian on exact ARM ELF, but handler cast/copy not proved by header alone",not established by available response struct,medium: sibling AMI SP-X command header; dispatch identity/length high,response struct,a726253a-edfa-5f2e-baa0-4c1d31af48ab,f30eca169da646fc19c3dbbc4620efadc9dacd538dd7e1cfe498cee165450688
0x32,0xef,AMIGetRAIDInfo,libipmiamioemraidinfo.so.13.0.0,variable/unconstrained by dispatcher,RAIDInfoReq_T,RAIDInfoRes_T,ipmi_dev-3.177.0-ARM.spx/IPMI_RAIDInfo.h:350 | ipmi_dev-3.177.0-ARM.spx/IPMI_RAIDInfo.h:666,union RAIDInfoReq_T PACKED { INT32U CtrlID; Device_T DevInfo; GetEvtRec_T GetEvt; INT32U Noofentryretrieved; SetLDPDParam_T SetPDParam; ManageConfig_T ManageConfig; EnclosureConfig_T EnclosureConfig; PSConfig_T PSConfig; CoolingConfig_T CoolingConfig; SetTempSenConfig_T SetTempSenConfig; AlarmConfig_T AlarmConfig; SetControlerProps_T SetControlerProps; InitializationLD_T InitializationLD; ConsistencyCheck_T ConsistencyCheck; PatrolRead_T PatrolRead; PatrolReadPropertiesReq_T PatrolReadProperties; DedicatedHotspare_T DedicatedHotspare; LocateDevice_T LocateDevice; SetPDState_T SetPDState; LDpropertiesReq_T LDpropertiesReq; LDProgressReq_T LDProgress; },union RAIDInfoRes_T PACKED { RAIDInfo_T CtrlInfo; PhyDevInfo_T Phy; LogicalDevInfo_T Logical; DeviceCount_T Device; BBUInfo_T BBUInfo; RAIDEvtRcd_T RAIDEvt; RAIDRepos_T RAIDReposInfo; RAIDGetAllEntry_T RAIDGetAllEntry; RL_Strip_Info_T RLStripInfo; RL_PD_Count_T RLPDCount; HBAInfo_T HBAInfo; HBAPhyDevInfo_T HBAPhyDevInfo; Topology_T TopologyInfo; EnclosureInfo_T EnclosureInfo; TempSensorInfo_T TempSensorInfo; GetControllerProps_T GetControllerProps; PatrolReadPropertiesRes_T PatrolReadProperties; LDpropertiesRes_T LDpropertiesRes; LDProgressRes_T LDProgress; },"packed bytes; 8-bit endian-neutral; multi-byte native little-endian on exact ARM ELF, but handler cast/copy not proved by header alone",not established by available response struct,medium: sibling AMI SP-X command header; dispatch identity/length high,,a726253a-edfa-5f2e-baa0-4c1d31af48ab,f30eca169da646fc19c3dbbc4620efadc9dacd538dd7e1cfe498cee165450688
0x32,0xf0,AMIPartialAddExtendSelEntries,libipmiamioemextendedsel.so.13.2.0,variable/unconstrained by dispatcher,AMIPartialAddExtendSELReq_T,AMIPartialAddExtendSELRes_T,ipmi_dev-3.177.0-ARM.spx/IPMI_AMIExtsel.h:99 | ipmi_dev-3.177.0-ARM.spx/IPMI_AMIExtsel.h:112,struct AMIPartialAddExtendSELReq_T PACKED { INT8U LSBReservationID; INT8U MSBReservationID; INT8U LSBRecordID; INT8U MSBRecordID; INT16U Offset; INT8U Progress; INT8U ESELRecordData[EXTSELBUFFER]; },struct AMIPartialAddExtendSELRes_T PACKED { INT8U CompletionCode; INT16U RecID; },"packed bytes; 8-bit endian-neutral; multi-byte native little-endian on exact ARM ELF, but handler cast/copy not proved by header alone",response byte 0 is INT8U CompletionCode,medium: sibling AMI SP-X command header; dispatch identity/length high,,a726253a-edfa-5f2e-baa0-4c1d31af48ab,f30eca169da646fc19c3dbbc4620efadc9dacd538dd7e1cfe498cee165450688
0x32,0xf1,AMIPartialGetExtendSelEntries,libipmiamioemextendedsel.so.13.2.0,variable/unconstrained by dispatcher,AMIPartialGetExtendSELDataReq_T,AMIPartialGetExtendSELDataRes_T,ipmi_dev-3.177.0-ARM.spx/IPMI_AMIExtsel.h:119 | ipmi_dev-3.177.0-ARM.spx/IPMI_AMIExtsel.h:125,struct AMIPartialGetExtendSELDataReq_T PACKED { INT16U RecID; INT16U ExtendSELOffset; },struct AMIPartialGetExtendSELDataRes_T PACKED { INT8U CompletionCode; INT16U DataSize; INT8U Progress; INT16U RemainingBytes; INT8U ExtendSELData[EXTSELBUFFER]; },"packed bytes; 8-bit endian-neutral; multi-byte native little-endian on exact ARM ELF, but handler cast/copy not proved by header alone",response byte 0 is INT8U CompletionCode,medium: sibling AMI SP-X command header; dispatch identity/length high,,a726253a-edfa-5f2e-baa0-4c1d31af48ab,f30eca169da646fc19c3dbbc4620efadc9dacd538dd7e1cfe498cee165450688
0x32,0xf3,AMIGetRecoveryInfo,libipmiamioemfirmwarerecovery.so.13.1.0,exactly 2 request payload bytes,AMIGetRecoveryInfoReq_T,AMIGetRecoveryInfoRes_T,ipmi_dev-3.177.0-ARM.spx/AMIFirmwareRecovery.h:43 | ipmi_dev-3.177.0-ARM.spx/AMIFirmwareRecovery.h:49,struct AMIGetRecoveryInfoReq_T PACKED { INT8U Param; INT8U BlockSelector; },struct AMIGetRecoveryInfoRes_T PACKED { INT8U CompletionCode; RecoveryConfig_T Config; },"packed bytes; 8-bit endian-neutral; multi-byte native little-endian on exact ARM ELF, but handler cast/copy not proved by header alone",response byte 0 is INT8U CompletionCode,medium: sibling AMI SP-X command header; dispatch identity/length high,,a726253a-edfa-5f2e-baa0-4c1d31af48ab,f30eca169da646fc19c3dbbc4620efadc9dacd538dd7e1cfe498cee165450688
0x32,0xf4,AMISetRecoveryInfo,libipmiamioemfirmwarerecovery.so.13.1.0,variable/unconstrained by dispatcher,AMISetRecoveryInfoReq_T,AMISetRecoveryInfoRes_T,ipmi_dev-3.177.0-ARM.spx/AMIFirmwareRecovery.h:31 | ipmi_dev-3.177.0-ARM.spx/AMIFirmwareRecovery.h:38,struct AMISetRecoveryInfoReq_T PACKED { INT8U Param; INT8U BlockSelector; RecoveryConfig_T Config; },struct AMISetRecoveryInfoRes_T PACKED { INT8U CompletionCode; },"packed bytes; 8-bit endian-neutral; multi-byte native little-endian on exact ARM ELF, but handler cast/copy not proved by header alone",response byte 0 is INT8U CompletionCode,medium: sibling AMI SP-X command header; dispatch identity/length high,,a726253a-edfa-5f2e-baa0-4c1d31af48ab,f30eca169da646fc19c3dbbc4620efadc9dacd538dd7e1cfe498cee165450688
0x32,0xfb,GetActiveSessionCount,libipmiamioemsmashlitecorecmds.so.13.0.0,exactly 0 request payload bytes,,GetSmashLiteActiveSessCntRes_T,ipmi_dev-3.177.0-ARM.spx/Misc.h:70,,struct GetSmashLiteActiveSessCntRes_T PACKED { INT8U CompletionCode; INT16U SessionCount; },"packed bytes; 8-bit endian-neutral; multi-byte native little-endian on exact ARM ELF, but handler cast/copy not proved by header alone",response byte 0 is INT8U CompletionCode,medium: sibling AMI SP-X command header; dispatch identity/length high,,a726253a-edfa-5f2e-baa0-4c1d31af48ab,f30eca169da646fc19c3dbbc4620efadc9dacd538dd7e1cfe498cee165450688
0x32,0xfc,SetActiveSessionCount,libipmiamioemsmashlitecorecmds.so.13.0.0,exactly 2 request payload bytes,SetSmashLiteActiveSessCntReq_T,SetSmashLiteActiveSessCntRes_T,ipmi_dev-3.177.0-ARM.spx/Misc.h:74 | ipmi_dev-3.177.0-ARM.spx/Misc.h:77,struct SetSmashLiteActiveSessCntReq_T PACKED { INT16U SessionCount; },struct SetSmashLiteActiveSessCntRes_T PACKED { INT8U CompletionCode; },"packed bytes; 8-bit endian-neutral; multi-byte native little-endian on exact ARM ELF, but handler cast/copy not proved by header alone",response byte 0 is INT8U CompletionCode,medium: sibling AMI SP-X command header; dispatch identity/length high,,a726253a-edfa-5f2e-baa0-4c1d31af48ab,f30eca169da646fc19c3dbbc4620efadc9dacd538dd7e1cfe498cee165450688
0x32,0xfd,GetSysHealthFirmwareANDPowerCycle,libipmiamioemsmashlitecorecmds.so.13.0.0,exactly 0 request payload bytes,,GetSysHealthFirmwareANDPowerCycleRes_T,ipmi_dev-3.177.0-ARM.spx/Misc.h:80,,struct GetSysHealthFirmwareANDPowerCycleRes_T PACKED { INT8U CompletionCode; INT8U OverallHealth; INT8U PowerCycleInterval; INT8U FirmwareVersion[254]; },"packed bytes; 8-bit endian-neutral; multi-byte native little-endian on exact ARM ELF, but handler cast/copy not proved by header alone",response byte 0 is INT8U CompletionCode,medium: sibling AMI SP-X command header; dispatch identity/length high,,a726253a-edfa-5f2e-baa0-4c1d31af48ab,f30eca169da646fc19c3dbbc4620efadc9dacd538dd7e1cfe498cee165450688
0x3a,0x01,PDK_SDRGetNominalReading,libipmipdkcmds.so.6.0.0,exactly 1 request payload bytes,,,,,,"packed bytes; 8-bit endian-neutral; multi-byte native little-endian on exact ARM ELF, but handler cast/copy not proved by header alone",not established by available response struct,high dispatch identity/length; wire schema unresolved,request struct; response struct,a726253a-edfa-5f2e-baa0-4c1d31af48ab,f30eca169da646fc19c3dbbc4620efadc9dacd538dd7e1cfe498cee165450688
0x3a,0x02,PDK_SDRGetAnalogFlags,libipmipdkcmds.so.6.0.0,exactly 1 request payload bytes,,,,,,"packed bytes; 8-bit endian-neutral; multi-byte native little-endian on exact ARM ELF, but handler cast/copy not proved by header alone",not established by available response struct,high dispatch identity/length; wire schema unresolved,request struct; response struct,a726253a-edfa-5f2e-baa0-4c1d31af48ab,f30eca169da646fc19c3dbbc4620efadc9dacd538dd7e1cfe498cee165450688
